-0.00,-0.00,-0.00,-0.00,-0.00
-0.00,-0.00,-0.00,-0.00,-0.00
-0.00,-0.00,-0.00,-0.00,-0.00
-0.00,-0.00,0.04,-0.00,-0.00
0.15,0.15,1.59,0.15,-0.00
5.41,5.41,12.33,5.09,1.98
25.41,25.41,15.47,17.42,23.83
35.41,35.41,17.34,28.58,33.90
39.63,39.63,23.41,39.27,37.45
40.43,40.43,35.02,47.38,61.16
24.05,24.05,31.59,46.41,72.27
0.69,0.69,26.99,48.42,73.96
-0.00,-0.00,19.26,40.70,71.60
0.54,0.54,12.26,48.39,76.22
3.47,3.47,14.03,51.49,79.47
21.22,21.22,15.32,59.41,78.26
31.46,31.46,16.19,60.15,77.42
31.03,31.03,21.04,59.99,77.87
29.23,29.23,26.84,62.21,76.98
27.38,27.38,30.85,60.14,76.04
23.51,23.51,27.30,60.65,84.90
19.09,19.09,30.37,60.69,85.58
19.76,19.76,36.25,60.56,83.76
18.30,18.30,30.79,54.79,84.13
17.07,17.07,29.73,57.27,80.46
16.77,16.77,27.78,53.91,79.31
16.42,16.42,31.36,58.07,79.35
17.59,17.59,31.84,54.77,78.35
23.36,23.36,34.19,54.21,78.14
23.70,23.70,29.11,53.70,77.29
26.58,26.58,28.46,48.29,77.00
24.60,24.60,22.63,51.56,75.91
24.02,24.02,21.72,48.64,76.19
26.03,26.03,25.43,48.24,74.90
27.81,27.81,32.19,52.98,74.41
27.01,27.01,31.37,44.13,74.51
25.74,25.74,32.40,49.84,73.24
26.73,26.73,33.00,42.38,72.50
28.33,28.33,42.16,44.95,72.25
29.22,29.22,43.11,35.40,73.14
30.71,30.71,42.33,44.81,73.67
31.17,31.17,45.78,40.36,72.70
32.19,32.19,43.56,41.94,70.83
33.21,33.21,43.65,35.89,69.49
32.72,32.72,40.53,38.71,70.84
30.50,30.50,45.14,39.69,71.73
24.83,24.83,38.42,41.97,70.96
16.05,16.05,36.06,44.85,69.19
14.72,14.72,34.54,52.06,80.49
14.67,14.67,38.21,58.49,84.54
25.13,25.13,44.23,55.57,85.25
34.45,34.45,43.87,58.13,85.66
36.06,36.06,46.57,53.74,86.49
32.53,32.53,43.92,55.69,84.87
28.36,28.36,44.51,53.70,82.88
25.29,25.29,44.52,54.91,81.63
24.32,24.32,46.39,53.68,80.39
26.20,26.20,47.77,49.87,79.91
27.07,27.07,46.78,45.85,79.33
27.21,27.21,45.02,41.95,78.80
27.15,27.15,43.39,45.50,77.46
26.60,26.60,47.92,38.44,77.10
26.04,26.04,46.57,43.04,76.19
24.84,24.84,46.54,42.77,74.31
23.70,23.70,46.57,45.02,72.63
22.40,22.40,44.95,38.91,71.17
23.23,23.23,43.69,42.29,71.27
24.86,24.86,46.44,39.28,70.37
27.00,27.00,43.32,38.19,70.43
27.22,27.22,42.95,37.57,69.47
28.59,28.59,46.34,37.30,68.04
30.22,30.22,44.72,34.98,68.04
30.66,30.66,43.29,38.64,68.34
30.72,30.72,44.97,38.30,67.04
30.52,30.52,44.56,38.57,66.72
27.88,27.88,37.56,39.35,68.08
19.76,19.76,38.50,41.66,67.47
8.33,8.33,30.66,44.20,66.71
5.96,5.96,32.55,49.17,76.86
19.13,19.13,39.28,53.62,83.50
25.11,25.11,44.06,57.58,80.19
26.17,26.17,40.51,50.99,80.35
24.38,24.38,44.26,51.40,80.43
26.01,26.01,44.27,55.07,78.74
24.64,24.64,38.38,51.33,76.51
25.23,25.23,36.76,52.04,76.71
25.85,25.85,39.67,47.68,76.27
24.34,24.34,38.38,49.46,76.54
21.54,21.54,37.22,51.49,77.14
21.57,21.57,33.12,45.56,76.48
23.67,23.67,36.01,47.69,77.96
25.09,25.09,32.19,38.85,76.20
24.60,24.60,39.23,46.34,77.47
22.91,22.91,41.09,47.81,74.77
22.07,22.07,42.48,38.22,76.36
21.39,21.39,43.70,43.31,74.50
19.19,19.19,39.76,40.56,75.26
19.29,19.29,42.54,39.56,75.84
19.83,19.83,43.68,41.15,74.87
21.75,21.75,43.49,39.36,74.88
21.69,21.69,37.55,33.33,72.81
21.73,21.73,38.20,32.50,74.85
22.80,22.80,43.22,39.55,72.06
23.88,23.88,44.71,39.48,73.46
23.56,23.56,41.32,37.67,71.82
22.58,22.58,43.58,38.13,73.19
18.47,18.47,39.17,29.53,71.63
9.86,9.86,35.35,39.93,71.62
4.29,4.29,32.75,43.07,70.97
0.63,0.63,37.59,43.01,77.73
2.40,2.40,39.79,46.12,78.08
14.43,14.43,48.26,50.41,76.77
19.84,19.84,46.67,44.41,77.57
21.28,21.28,35.53,44.61,78.04
20.43,20.43,37.21,45.10,78.36
21.73,21.73,34.57,45.35,77.46
24.46,24.46,41.83,43.55,75.85
22.62,22.62,37.11,37.18,74.66
21.80,21.80,39.28,40.95,74.57
22.39,22.39,35.63,36.29,75.40
18.44,18.44,39.25,42.21,75.14
14.63,14.63,43.68,31.10,74.26
18.02,18.02,42.94,34.15,73.53
19.64,19.64,44.61,40.92,71.81
19.06,19.06,43.20,36.43,71.76
20.80,20.80,41.73,38.07,72.68
21.77,21.77,42.36,36.49,72.23
20.96,20.96,42.28,33.47,71.79
20.67,20.67,45.22,38.90,71.75
21.40,21.40,47.59,34.72,70.43
22.02,22.02,47.19,33.54,69.88
22.12,22.12,50.95,36.48,69.62
21.02,21.02,48.43,37.46,70.04
21.26,21.26,43.24,37.10,70.43
20.65,20.65,44.02,35.08,68.21
21.26,21.26,45.70,29.86,68.65
20.95,20.95,45.47,35.19,67.89
21.85,21.85,45.96,36.62,67.72
22.68,22.68,49.55,34.55,67.01
23.18,23.18,44.35,34.26,67.18
22.31,22.31,47.34,32.13,65.69
22.94,22.94,39.03,30.86,65.97
24.35,24.35,38.94,32.56,66.98
24.93,24.93,39.86,33.27,65.83
26.20,26.20,43.08,35.89,66.44
28.18,28.18,38.36,32.52,66.55
31.44,31.44,38.27,31.51,67.39
30.92,30.92,40.33,33.06,66.05
31.09,31.09,40.46,33.79,67.09
34.02,34.02,40.96,33.20,64.79
35.25,35.25,40.68,32.81,65.63
32.45,32.45,38.98,31.02,66.04
32.54,32.54,38.68,33.22,66.06
36.01,36.01,37.03,33.96,64.41
34.01,34.01,38.25,36.42,64.93
26.98,26.98,36.65,36.31,64.31
20.89,20.89,24.09,35.14,62.68
11.55,11.55,16.96,42.97,63.74
1.73,1.73,14.84,48.77,70.89
3.47,3.47,20.12,56.63,83.17
14.92,14.92,22.96,60.40,81.99
20.69,20.69,22.51,57.07,77.73
22.26,22.26,19.67,52.42,76.33
22.65,22.65,22.49,49.51,75.58
23.15,23.15,21.68,54.16,74.20
25.34,25.34,22.22,51.18,75.07
23.06,23.06,23.01,53.42,73.95
21.73,21.73,23.17,43.30,74.68
18.64,18.64,21.72,47.69,74.65
19.04,19.04,24.56,40.82,75.33
19.80,19.80,20.70,43.29,74.01
19.41,19.41,23.98,46.63,74.56
19.13,19.13,23.18,43.22,75.45
21.12,21.12,22.69,44.39,74.13
20.28,20.28,21.45,44.55,74.79
22.23,22.23,20.66,43.46,74.67
22.40,22.40,21.77,45.77,73.74
21.27,21.27,22.75,38.43,73.51
21.79,21.79,23.89,43.40,73.14
21.77,21.77,24.08,40.49,73.44
23.13,23.13,25.79,43.02,74.18
21.94,21.94,27.07,40.21,73.27
23.29,23.29,29.17,43.16,71.73
23.70,23.70,30.32,43.75,72.51
23.58,23.58,30.25,36.01,71.13
23.42,23.42,29.71,33.36,71.58
23.89,23.89,29.85,35.84,71.06
24.32,24.32,29.96,32.85,69.76
24.45,24.45,30.19,37.68,70.04
25.63,25.63,33.50,33.49,70.66
26.99,26.99,33.85,31.64,70.34
27.27,27.27,35.61,30.77,69.44
29.22,29.22,38.29,35.45,69.77
30.33,30.33,33.13,28.80,67.67
31.15,31.15,33.46,30.76,67.54
31.65,31.65,34.34,31.85,67.75
31.86,31.86,36.19,32.94,67.78
32.72,32.72,33.03,25.91,67.05
32.88,32.88,32.99,29.03,67.43
33.50,33.50,36.07,27.30,67.40
35.06,35.06,36.35,30.17,66.74
34.68,34.68,34.34,27.50,65.90
35.96,35.96,34.85,25.73,63.99
36.83,36.83,34.45,26.26,66.11
36.31,36.31,33.22,25.57,66.68
34.74,34.74,33.50,29.13,67.45
29.16,29.16,27.69,24.96,65.75
21.30,21.30,23.21,29.45,64.70
13.78,13.78,19.86,32.83,66.87
4.67,4.67,22.89,47.92,78.19
-0.00,-0.00,32.55,41.94,79.64
3.27,3.27,38.57,47.67,77.69
11.09,11.09,29.03,40.78,79.48
16.77,16.77,32.97,41.93,78.50
18.77,18.77,34.47,38.53,76.47
22.92,22.92,34.37,42.98,76.07
23.79,23.79,33.87,34.11,76.54
21.60,21.60,31.58,36.93,76.30
20.34,20.34,35.96,35.24,73.50
18.67,18.67,30.64,35.35,76.31
21.93,21.93,28.20,34.34,75.05
23.28,23.28,32.71,37.81,75.49
22.77,22.77,29.12,36.58,74.44
23.51,23.51,24.28,37.88,74.89
24.82,24.82,34.87,37.81,72.60
23.10,23.10,28.79,37.16,74.54
22.12,22.12,25.74,28.85,72.27
21.22,21.22,30.05,31.85,73.08
19.93,19.93,21.23,34.25,70.86
19.38,19.38,29.81,30.91,70.84
19.93,19.93,28.49,34.38,71.84
19.67,19.67,24.65,27.41,71.37
21.69,21.69,21.35,23.37,70.61
21.96,21.96,28.04,23.06,69.28
23.05,23.05,30.72,30.57,68.65
24.07,24.07,29.31,36.36,68.97
25.17,25.17,24.72,28.42,68.59
24.46,24.46,29.24,28.74,68.80
25.65,25.65,32.23,21.59,68.52
25.71,25.71,37.57,28.35,68.32
25.67,25.67,37.69,26.68,66.70
26.16,26.16,34.37,22.87,66.17
26.48,26.48,35.59,25.80,66.43
25.85,25.85,42.57,27.77,65.53
25.20,25.20,38.82,25.18,65.21
24.73,24.73,24.96,26.06,66.11
24.80,24.80,26.85,27.99,64.59
24.05,24.05,33.94,28.98,63.90
24.23,24.23,26.68,30.50,63.06
23.60,23.60,29.72,31.27,63.23
23.16,23.16,27.23,32.10,63.84
21.27,21.27,26.96,33.26,63.06
20.14,20.14,25.58,33.70,60.84
19.21,19.21,28.64,34.71,62.39
20.90,20.90,29.32,34.64,60.89
21.81,21.81,30.08,34.91,61.36
21.51,21.51,31.06,34.87,61.12
22.29,22.29,32.64,34.60,59.95
22.95,22.95,35.25,34.62,60.13
23.30,23.30,33.98,33.52,57.78
23.15,23.15,35.60,33.14,58.58
23.53,23.53,35.92,31.83,57.87
24.31,24.31,36.57,30.74,58.00
23.92,23.92,36.78,30.09,58.21
23.82,23.82,37.40,30.20,57.31
24.50,24.50,38.12,29.21,54.86
24.06,24.06,38.30,29.86,58.56
23.88,23.88,38.86,29.29,55.58
24.09,24.09,39.90,29.77,57.39
24.39,24.39,40.32,29.37,55.98
24.17,24.17,41.56,31.11,57.14
23.49,23.49,41.38,30.46,55.63
23.90,23.90,42.13,30.65,56.84
23.65,23.65,42.67,30.25,55.73
23.44,23.44,43.21,30.73,55.93
23.89,23.89,43.50,31.60,55.25
23.67,23.67,43.00,32.57,56.33
23.75,23.75,44.20,31.83,55.09
23.71,23.71,44.39,30.22,55.24
22.97,22.97,44.02,31.26,56.03
23.46,23.46,43.70,33.13,54.85
24.46,24.46,43.70,33.47,53.08
24.32,24.32,44.25,31.93,54.50
24.46,24.46,44.64,29.43,55.19
25.09,25.09,44.77,33.72,53.94
25.19,25.19,44.61,34.77,54.87
25.21,25.21,44.37,33.29,54.92
25.55,25.55,45.36,34.04,54.64
25.95,25.95,45.51,34.63,54.17
26.09,26.09,45.58,36.11,55.18
25.80,25.80,45.61,35.81,53.13
26.88,26.88,45.95,34.08,54.90
26.45,26.45,45.21,36.53,53.35
26.47,26.47,46.13,36.17,54.70
28.04,28.04,45.81,36.52,52.60
27.95,27.95,44.85,36.39,55.05
27.80,27.80,45.94,35.68,54.35
27.69,27.69,45.95,36.98,53.20
28.33,28.33,46.82,37.59,53.59
28.35,28.35,46.17,37.04,54.86
28.30,28.30,46.74,36.39,53.55
29.31,29.31,46.83,36.92,53.56
30.36,30.36,47.19,38.02,53.94
31.49,31.49,47.42,37.85,53.48
32.66,32.66,45.97,37.43,53.14
33.14,33.14,46.57,37.62,54.35
33.89,33.89,47.39,37.45,53.19
32.48,32.48,46.37,37.75,53.17
29.38,29.38,43.16,38.58,54.66
19.21,19.21,39.12,38.13,54.75
9.22,9.22,32.74,35.00,56.26
3.23,3.23,28.40,37.08,71.35
-0.00,-0.00,29.43,33.98,75.78
7.19,7.19,34.05,34.61,73.45
14.53,14.53,34.86,35.43,76.38
17.63,17.63,31.40,35.52,75.90
23.24,23.24,32.38,35.90,78.20
20.56,20.56,32.82,36.81,77.82
19.94,19.94,32.32,36.73,77.46
19.84,19.84,33.31,38.72,77.47
17.06,17.06,31.00,39.58,77.05
16.14,16.14,26.75,35.01,76.30
16.72,16.72,33.57,39.07,75.03
17.73,17.73,32.43,38.16,74.36
17.64,17.64,35.62,38.42,72.82
18.90,18.90,38.64,37.17,71.54
18.28,18.28,39.02,34.25,69.65
16.65,16.65,41.46,35.32,68.65
17.59,17.59,41.44,34.59,67.72
18.48,18.48,44.18,35.22,67.21
15.92,15.92,42.10,33.92,65.68
16.61,16.61,42.63,34.08,65.57
16.75,16.75,46.52,35.02,64.76
15.83,15.83,44.69,32.42,64.99
14.78,14.78,45.33,32.81,65.02
16.90,16.90,44.14,33.19,65.74
17.46,17.46,45.90,34.00,66.52
15.64,15.64,45.77,32.12,65.57
16.44,16.44,45.96,31.87,65.00
17.29,17.29,45.43,31.82,64.96
16.74,16.74,45.83,31.42,63.57
18.10,18.10,44.35,31.51,63.13
19.67,19.67,46.72,31.32,62.79
20.60,20.60,47.55,31.99,61.81
21.54,21.54,47.18,32.61,62.14
23.72,23.72,46.02,32.42,61.84
25.14,25.14,47.64,31.43,62.30
25.59,25.59,46.96,31.54,61.39
27.67,27.67,47.84,33.64,61.06
27.59,27.59,47.50,32.63,59.85
27.10,27.10,47.12,32.78,59.89
27.77,27.77,46.73,31.54,59.39
25.99,25.99,46.54,32.68,59.80
24.99,24.99,46.77,33.07,58.60
25.46,25.46,47.06,31.50,58.16
23.54,23.54,47.56,32.37,57.18
22.68,22.68,48.96,33.57,58.19
23.39,23.39,47.41,32.67,58.69
23.24,23.24,48.90,33.12,58.08
21.76,21.76,46.46,32.03,56.63
24.45,24.45,48.16,32.81,56.45
24.25,24.25,48.86,33.65,54.66
22.24,22.24,47.71,33.30,55.08
22.21,22.21,47.41,32.10,55.29
22.35,22.35,48.44,33.73,54.36
21.88,21.88,47.14,33.06,53.13
22.59,22.59,47.76,33.59,51.55
22.63,22.63,49.02,33.02,51.59
21.14,21.14,47.47,32.64,51.39
21.17,21.17,48.24,34.32,52.40
22.19,22.19,48.05,33.86,52.61
21.67,21.67,48.17,32.83,52.75
22.29,22.29,47.50,32.77,52.50
23.75,23.75,48.29,33.68,52.47
23.48,23.48,47.75,33.87,51.43
23.80,23.80,48.13,33.89,50.11
24.79,24.79,46.86,32.53,49.67
23.51,23.51,48.16,33.20,48.93
23.95,23.95,48.29,34.32,50.98
23.28,23.28,46.83,34.07,51.30
24.45,24.45,48.50,32.94,50.92
24.94,24.94,45.28,33.29,50.67
25.65,25.65,47.77,34.18,50.13
25.72,25.72,47.08,34.90,49.41
25.55,25.55,47.85,34.16,48.57
27.07,27.07,45.99,33.40,48.59
27.05,27.05,47.40,34.53,48.14
27.54,27.54,46.81,34.64,48.56
27.32,27.32,47.30,33.96,48.48
28.69,28.69,45.31,33.28,47.52
29.04,29.04,47.43,34.08,47.81
30.14,30.14,46.00,34.62,45.94
30.15,30.15,47.60,33.91,45.83
29.12,29.12,44.43,34.13,46.24
29.17,29.17,46.51,33.25,46.57
28.73,28.73,46.79,33.75,45.18
29.25,29.25,46.45,33.99,44.91
29.36,29.36,46.57,33.29,44.21
30.05,30.05,46.18,31.75,43.41
28.86,28.86,46.10,30.38,43.72
28.91,28.91,47.28,32.20,44.02
29.74,29.74,45.95,32.13,43.32
30.30,30.30,47.01,30.87,42.11
30.04,30.04,44.39,32.31,43.03
25.88,25.88,40.35,37.07,44.35
19.80,19.80,35.91,42.93,49.07
34.61,34.61,42.10,63.22,64.59
43.38,43.38,40.90,70.82,74.13
48.46,48.46,33.52,73.96,76.94
58.36,58.36,30.24,77.97,77.09
70.50,70.50,27.03,78.45,76.00
77.59,77.59,28.51,75.65,73.88
78.98,78.98,31.15,77.94,75.15
80.26,80.26,29.52,76.58,75.54
81.56,81.56,30.77,76.36,74.90
80.77,80.77,31.05,77.76,75.24
79.31,79.31,26.79,75.27,74.60
75.68,75.68,25.39,76.47,74.34
67.67,67.67,31.38,75.77,74.03
59.63,59.63,37.03,74.71,73.57
64.65,64.65,38.48,76.58,74.19
64.92,64.92,41.62,73.93,75.02
61.58,61.58,41.64,75.86,73.91
60.23,60.23,36.65,74.86,73.75
59.80,59.80,41.56,74.07,73.40
57.74,57.74,35.16,75.76,74.31
56.22,56.22,18.98,73.53,71.30
63.25,63.25,27.00,75.33,70.31
76.65,76.65,26.85,73.28,68.39
77.44,77.44,26.68,73.36,67.12
77.57,77.57,31.34,74.53,68.96
77.42,77.42,26.08,72.45,66.45
76.66,76.66,24.76,74.01,67.71
75.52,75.52,21.89,72.18,67.95
74.61,74.61,24.11,72.63,67.46
70.83,70.83,19.99,73.43,68.97
59.79,59.79,17.92,71.97,67.99
55.40,55.40,20.56,73.57,69.44
49.99,49.99,25.70,70.97,67.80
53.52,53.52,29.85,71.14,76.01
60.15,60.15,38.08,70.85,75.90
63.81,63.81,40.39,70.63,78.61
61.83,61.83,37.47,71.52,77.62
65.36,65.36,32.89,68.83,76.63
72.85,72.85,31.33,70.10,76.78
78.65,78.65,29.74,68.75,76.90
78.78,78.78,31.59,68.05,72.75
78.54,78.54,31.49,68.54,75.32
78.01,78.01,36.06,67.19,75.17
78.21,78.21,34.54,68.17,72.77
79.48,79.48,33.82,66.73,73.29
82.37,82.37,26.20,66.55,72.68
81.61,81.61,26.08,65.81,75.09
80.93,80.93,29.10,65.04,71.39
79.40,79.40,30.62,65.50,71.41
80.17,80.17,32.29,63.34,72.35
79.08,79.08,34.32,63.51,70.20
75.25,75.25,33.43,61.40,72.65
71.86,71.86,32.18,60.30,69.18
73.20,73.20,34.02,61.71,70.30
67.42,67.42,32.69,57.90,73.22
72.33,72.33,30.34,59.00,73.06
75.45,75.45,29.48,58.89,73.72
70.86,70.86,28.45,55.93,70.62
62.13,62.13,28.90,58.17,73.30
65.10,65.10,30.85,55.70,69.38
62.68,62.68,29.41,56.54,73.22
56.99,56.99,28.93,56.34,71.21
56.16,56.16,28.82,53.14,71.71
55.17,55.17,29.60,54.81,69.86
50.42,50.42,36.40,51.39,67.54
43.16,43.16,38.17,52.54,75.67
47.67,47.67,38.79,50.65,75.00
51.01,51.01,38.65,49.58,73.63
52.35,52.35,36.12,50.41,73.01
50.03,50.03,35.59,47.52,71.14
44.73,44.73,35.36,49.61,69.95
44.06,44.06,35.31,45.93,70.04
42.61,42.61,34.30,43.72,69.38
42.60,42.60,34.78,45.03,72.40
44.24,44.24,35.24,43.22,68.57
40.28,40.28,33.86,42.63,70.82
34.21,34.21,35.92,44.12,70.29
36.07,36.07,34.89,43.35,70.50
35.40,35.40,34.49,41.16,71.49
38.46,38.46,33.61,42.30,68.86
39.33,39.33,38.01,39.38,69.59
36.10,36.10,38.48,38.37,69.35
31.39,31.39,41.80,33.65,64.58
34.22,34.22,42.89,28.03,69.43
48.30,48.30,40.54,33.91,68.14
54.64,54.64,33.68,39.13,61.74
68.44,68.44,39.56,44.72,64.06
80.34,80.34,42.41,42.01,60.47
80.73,80.73,33.71,38.44,62.52
78.84,78.84,31.20,37.40,62.26
78.48,78.48,34.85,31.37,65.27
71.62,71.62,32.81,30.52,61.38
70.77,70.77,31.08,37.08,66.02
61.23,61.23,30.26,48.62,60.94
53.93,53.93,27.43,59.45,65.03
57.07,57.07,26.90,61.97,65.67
67.07,67.07,30.68,70.50,69.43
69.53,69.53,29.38,83.09,71.82
76.97,76.97,24.34,86.82,70.54
81.21,81.21,24.45,83.76,68.94
81.87,81.87,32.13,81.30,70.02
81.30,81.30,36.75,79.02,67.33
82.95,82.95,34.57,76.79,67.30
83.08,83.08,37.03,78.95,64.82
82.35,82.35,31.99,79.18,64.66
81.10,81.10,31.57,78.74,63.42
78.21,78.21,25.80,79.37,66.35
74.18,74.18,30.60,77.56,67.03
76.65,76.65,28.19,77.20,65.08
77.78,77.78,24.24,76.84,66.60
82.35,82.35,21.61,76.73,66.54
84.72,84.72,20.43,75.91,66.90
86.05,86.05,20.03,75.22,65.19
86.33,86.33,21.55,74.96,69.20
85.05,85.05,21.27,74.69,67.32
83.32,83.32,23.96,74.99,69.64
81.63,81.63,26.10,74.94,71.15
74.79,74.79,26.52,75.08,68.98
70.38,70.38,23.72,74.44,66.53
68.38,68.38,23.72,74.14,70.80
69.06,69.06,22.45,73.73,66.88
69.90,69.90,19.87,73.40,70.54
69.26,69.26,26.59,72.36,69.76
73.00,73.00,35.52,71.65,69.20
71.96,71.96,33.17,71.97,70.55
70.61,70.61,36.47,71.38,72.03
67.20,67.20,31.25,70.57,70.25
74.45,74.45,31.05,70.43,78.84
78.78,78.78,33.88,70.02,75.72
80.12,80.12,35.31,68.45,78.41
79.53,79.53,36.02,67.40,77.07
79.82,79.82,32.20,67.35,75.85
83.24,83.24,34.97,64.94,76.03
84.12,84.12,34.88,63.01,76.15
83.50,83.50,33.31,61.78,76.48
82.44,82.44,35.11,63.64,75.97
80.75,80.75,36.34,61.47,74.93
76.92,76.92,34.37,61.10,75.10
78.19,78.19,32.98,59.10,74.81
76.24,76.24,31.20,56.90,74.04
72.29,72.29,24.75,57.44,75.37
65.09,65.09,21.77,55.79,72.62
52.92,52.92,21.04,54.90,75.27
59.64,59.64,22.73,51.83,74.53
57.55,57.55,25.66,51.85,73.18
60.46,60.46,26.98,49.67,75.88
65.60,65.60,20.80,53.07,73.52
79.00,79.00,21.38,49.54,75.27
78.16,78.16,32.75,50.11,73.63
79.42,79.42,31.74,47.33,71.44
77.76,77.76,24.09,44.40,73.59
76.10,76.10,33.93,47.59,73.88
75.83,75.83,32.30,50.86,72.06
78.94,78.94,32.51,51.41,73.29
81.03,81.03,32.11,50.46,72.32
81.41,81.41,35.83,51.17,72.19
81.80,81.80,34.62,50.92,72.18
80.36,80.36,34.95,52.70,71.70
75.34,75.34,31.65,54.59,70.18
73.54,73.54,31.30,55.61,72.96
76.61,76.61,33.55,56.96,69.14
71.76,71.76,34.54,57.43,71.97
67.76,67.76,36.61,57.63,71.62
63.70,63.70,36.23,57.35,68.96
62.35,62.35,37.49,59.15,72.12
49.14,49.14,34.94,59.14,68.40
50.88,50.88,34.83,59.11,69.53
55.65,55.65,33.68,59.66,68.38
48.18,48.18,32.03,60.46,70.39
49.82,49.82,31.92,61.13,70.12
51.55,51.55,31.30,61.40,70.52
50.00,50.00,30.94,61.07,69.13
54.74,54.74,30.89,61.33,69.53
48.65,48.65,30.87,61.65,68.26
50.83,50.83,31.15,62.24,65.76
47.17,47.17,31.59,62.49,70.03
40.66,40.66,31.25,62.02,67.39
48.03,48.03,30.78,62.60,67.63
45.09,45.09,30.13,62.59,65.65
42.77,42.77,31.05,63.20,67.58
48.83,48.83,29.88,63.73,67.53
43.16,43.16,31.36,63.29,66.72
42.85,42.85,30.24,62.96,64.00
45.02,45.02,27.86,63.39,65.23
43.21,43.21,26.26,63.04,65.23
46.07,46.07,21.60,62.76,64.37
47.95,47.95,22.05,61.22,65.78
60.97,60.97,30.31,58.62,65.85
68.94,68.94,25.94,70.91,66.51
72.69,72.69,20.71,85.40,66.65
76.05,76.05,19.73,84.47,68.38
78.54,78.54,17.07,80.10,68.04
79.98,79.98,13.87,79.44,72.95
77.79,77.79,12.69,79.53,74.86
75.77,75.77,17.69,78.81,74.57
77.17,77.17,21.24,80.27,76.10
78.86,78.86,29.57,78.55,76.59
78.74,78.74,25.33,78.43,77.54
78.69,78.69,17.54,79.19,77.23
79.28,79.28,15.00,78.47,77.38
78.67,78.67,17.79,77.91,76.62
75.28,75.28,22.53,76.99,75.60
70.84,70.84,37.66,77.88,74.92
65.97,65.97,41.75,78.68,74.92
63.14,63.14,36.04,77.38,74.86
63.68,63.68,38.82,77.15,75.26
62.77,62.77,39.88,77.92,76.30
59.42,59.42,18.37,77.42,74.90
71.90,71.90,17.56,75.67,74.90
73.93,73.93,22.77,76.62,73.93
75.15,75.15,20.79,76.68,74.60
74.04,74.04,17.93,76.14,71.50
70.77,70.77,21.52,74.97,72.93
66.44,66.44,28.13,75.63,72.42
71.45,71.45,28.81,76.28,70.90
73.69,73.69,28.26,75.58,71.38
77.74,77.74,25.99,74.91,70.51
76.69,76.69,21.32,75.41,70.31
75.01,75.01,19.50,74.96,69.24
75.39,75.39,24.94,73.49,77.16
77.86,77.86,28.34,73.33,78.07
78.37,78.37,38.99,73.82,78.81
78.24,78.24,38.73,73.36,78.48
78.79,78.79,31.07,72.08,77.43
79.90,79.90,32.91,71.92,77.45
79.20,79.20,34.67,73.34,78.98
79.37,79.37,34.90,72.54,78.11
79.77,79.77,31.33,70.68,76.38
78.66,78.66,24.21,70.05,76.46
79.53,79.53,29.57,70.98,76.35
77.62,77.62,32.90,71.03,76.37
76.47,76.47,33.49,68.94,76.03
75.55,75.55,38.13,69.72,75.70
77.02,77.02,39.25,70.62,74.72
78.35,78.35,30.89,69.88,75.36
77.07,77.07,26.06,68.89,75.09
75.62,75.62,23.27,68.71,74.57
66.74,66.74,23.85,69.41,72.12
59.31,59.31,24.05,69.55,73.69
56.34,56.34,27.81,68.31,74.09
58.61,58.61,31.61,68.63,72.67
58.33,58.33,31.81,68.99,71.49
58.76,58.76,28.50,68.64,72.06
56.92,56.92,27.50,67.38,70.69
55.52,55.52,26.57,67.41,70.50
51.40,51.40,26.99,68.44,71.10
49.26,49.26,26.20,68.48,70.73
50.71,50.71,24.88,67.39,69.29
56.89,56.89,23.83,67.61,67.93
65.10,65.10,24.41,68.59,70.52
73.18,73.18,23.03,68.16,68.92
76.17,76.17,27.53,67.32,66.97
77.40,77.40,29.96,67.66,68.11
79.58,79.58,27.79,67.98,67.17
83.36,83.36,26.11,66.91,66.28
83.04,83.04,21.33,65.31,66.98
81.07,81.07,24.38,65.63,66.05
83.23,83.23,24.04,67.66,68.06
82.77,82.77,20.07,67.03,66.46
82.16,82.16,21.23,65.64,64.60
82.60,82.60,25.24,66.45,68.08
80.99,80.99,28.22,67.28,71.31
80.48,80.48,29.08,67.39,67.05
80.48,80.48,32.27,66.81,64.02
80.40,80.40,36.03,66.80,64.34
81.03,81.03,32.10,67.56,64.27
81.48,81.48,32.58,66.99,64.97
80.72,80.72,31.80,66.54,65.57
80.32,80.32,30.78,66.06,64.95
79.99,79.99,30.14,67.20,64.16
79.42,79.42,28.06,67.36,64.17
77.88,77.88,29.82,66.17,65.55
68.50,68.50,30.08,66.75,66.00
58.45,58.45,33.78,67.54,64.83
58.32,58.32,30.78,67.59,65.27
56.83,56.83,30.54,66.67,64.41
60.09,60.09,31.30,67.25,65.82
62.09,62.09,33.60,67.81,66.53
63.31,63.31,32.72,67.50,68.33
61.57,61.57,32.95,65.93,65.85
63.73,63.73,36.77,67.15,64.40
65.79,65.79,38.06,64.83,67.63
75.06,75.06,38.50,70.32,77.65
80.73,80.73,37.59,81.34,79.39
80.36,80.36,36.77,81.21,80.91
78.93,78.93,36.24,78.35,81.24
78.13,78.13,31.75,78.36,80.76
78.57,78.57,38.87,79.44,80.84
79.25,79.25,36.11,77.28,80.12
78.78,78.78,31.80,77.54,79.71
79.02,79.02,31.89,76.48,78.46
78.88,78.88,25.86,77.45,78.45
79.67,79.67,29.33,76.66,75.71
80.46,80.46,32.91,77.58,75.30
82.68,82.68,28.71,76.03,75.84
83.23,83.23,13.30,77.45,76.04
83.26,83.26,16.54,76.21,75.51
79.93,79.93,19.80,76.43,76.18
67.27,67.27,25.59,73.85,75.80
62.56,62.56,26.18,73.49,73.97
62.07,62.07,34.60,74.08,73.68
63.23,63.23,30.52,74.23,72.69
61.24,61.24,28.61,72.81,72.71
56.81,56.81,27.87,71.43,70.88
52.46,52.46,30.35,72.94,70.91
48.01,48.01,30.54,71.96,69.45
51.39,51.39,30.85,73.06,71.38
56.02,56.02,29.13,71.18,70.30
56.77,56.77,27.61,71.70,70.01
55.26,55.26,24.44,70.56,70.54
54.23,54.23,24.25,70.60,70.23
54.63,54.63,27.15,69.01,69.78
70.47,70.47,34.84,68.61,67.81
78.05,78.05,32.96,69.15,71.28
78.55,78.55,31.39,67.81,76.84
79.68,79.68,30.86,67.64,73.43
80.04,80.04,28.63,67.25,75.65
77.97,77.97,23.40,67.64,79.42
80.49,80.49,23.18,64.95,74.32
79.94,79.94,21.80,63.66,77.76
82.22,82.22,21.09,64.61,76.95
82.46,82.46,18.96,63.48,72.76
79.50,79.50,18.82,64.82,77.58
78.22,78.22,15.90,64.30,74.58
70.25,70.25,16.88,66.00,74.63
68.19,68.19,24.24,64.73,76.64
67.66,67.66,30.06,66.04,72.55
67.62,67.62,31.72,65.12,75.30
74.35,74.35,26.01,65.22,74.55
81.18,81.18,19.94,66.56,71.22
82.73,82.73,25.58,65.26,74.48
82.56,82.56,27.14,66.61,73.29
83.01,83.01,20.89,65.68,73.52
82.75,82.75,25.35,66.83,72.47
82.32,82.32,37.56,65.50,70.41
81.83,81.83,34.91,66.35,72.37
81.83,81.83,33.58,66.56,73.66
82.42,82.42,31.13,65.96,69.54
82.35,82.35,26.77,67.55,71.09
83.02,83.02,21.46,65.98,71.82
84.15,84.15,24.03,67.52,69.45
83.10,83.10,24.01,65.75,71.89
79.66,79.66,27.96,66.70,70.53
79.86,79.86,32.45,66.00,71.58
76.23,76.23,30.40,66.61,70.51
74.81,74.81,31.34,66.06,70.69
75.54,75.54,30.62,65.43,70.54
74.74,74.74,30.83,66.80,68.95
70.94,70.94,34.86,65.54,70.95
65.53,65.53,31.46,67.23,71.97
58.22,58.22,31.55,65.57,68.75
57.78,57.78,33.33,67.22,71.67
57.15,57.15,35.12,66.21,67.46
59.35,59.35,33.88,67.00,70.49
57.00,57.00,31.97,66.63,71.05
57.13,57.13,32.30,66.87,66.77
60.33,60.33,31.14,67.93,69.83
75.97,75.97,25.74,67.74,68.79
76.03,76.03,19.60,68.46,65.12
76.38,76.38,25.67,66.66,68.66
75.07,75.07,25.82,67.58,66.40
66.09,66.09,28.71,66.03,67.51
63.42,63.42,34.68,67.28,68.15
60.79,60.79,34.95,66.56,65.10
75.04,75.04,37.94,65.83,64.14
83.56,83.56,35.05,66.37,66.39
80.59,80.59,28.62,64.44,64.52
71.57,71.57,26.98,65.72,66.22
72.77,72.77,27.39,65.28,65.26
79.71,79.71,26.42,67.06,64.68
82.07,82.07,20.78,64.97,67.29
81.92,81.92,19.84,63.86,65.86
74.01,74.01,18.12,61.66,65.96
69.32,69.32,10.15,62.35,65.87
73.73,73.73,28.45,67.09,67.39
76.59,76.59,15.81,79.37,75.25
81.26,81.26,33.49,81.37,79.11
83.10,83.10,33.24,78.82,80.49
81.14,81.14,30.30,75.67,81.40
82.31,82.31,19.40,77.16,80.71
82.85,82.85,10.24,79.11,79.22
83.34,83.34,11.24,76.15,77.12
82.66,82.66,13.47,75.82,77.52
81.45,81.45,17.21,75.64,77.44
81.31,81.31,23.18,75.81,74.89
79.29,79.29,24.55,76.52,75.95
81.24,81.24,22.03,74.91,74.56
80.67,80.67,21.87,75.99,74.19
81.67,81.67,20.30,76.72,73.25
79.54,79.54,15.05,75.72,73.26
82.25,82.25,18.92,74.67,72.12
82.10,82.10,19.89,76.20,72.19
83.86,83.86,17.56,75.07,70.30
82.80,82.80,16.57,74.26,71.60
79.56,79.56,20.59,73.94,69.56
79.62,79.62,24.52,74.32,69.42
80.74,80.74,26.40,73.53,70.21
78.95,78.95,29.77,73.39,70.14
69.25,69.25,29.37,73.57,70.30
63.59,63.59,29.74,74.03,69.37
60.60,60.60,32.40,73.46,67.93
64.54,64.54,28.74,72.30,69.75
59.69,59.69,25.58,73.26,68.32
72.08,72.08,27.79,73.61,69.71
81.40,81.40,27.02,72.68,68.33
83.34,83.34,28.96,71.46,69.63
80.96,80.96,26.11,71.98,71.50
76.33,76.33,21.83,72.75,74.80
80.75,80.75,21.75,72.03,77.58
80.67,80.67,21.67,69.54,77.14
80.56,80.56,28.17,69.37,78.02
80.00,80.00,28.39,69.61,76.20
78.59,78.59,30.21,69.39,75.09
77.47,77.47,28.99,68.76,77.22
80.34,80.34,24.73,69.53,77.28
82.06,82.06,24.00,69.26,75.69
77.81,77.81,25.71,68.59,71.99
75.07,75.07,19.48,68.85,73.58
67.07,67.07,17.85,68.94,75.76
63.67,63.67,22.38,68.64,75.51
59.11,59.11,29.30,68.31,73.57
57.26,57.26,29.81,66.87,75.36
61.26,61.26,29.23,67.80,73.08
62.19,62.19,26.06,67.99,74.67
60.13,60.13,22.56,66.48,73.51
60.22,60.22,21.27,66.44,72.25
68.94,68.94,28.81,67.19,72.26
73.17,73.17,29.05,66.58,71.78
73.10,73.10,21.44,66.40,72.04
75.95,75.95,24.67,65.02,71.62
76.99,76.99,26.27,65.86,70.25
75.72,75.72,27.18,65.86,69.53
75.89,75.89,28.24,65.91,70.05
77.26,77.26,28.02,64.97,69.89
80.55,80.55,30.86,65.25,67.76
81.52,81.52,29.23,64.82,66.60
81.23,81.23,27.51,64.52,68.42
80.67,80.67,28.70,63.75,68.28
80.45,80.45,29.64,65.64,66.61
81.15,81.15,28.07,66.24,68.02
79.87,79.87,32.26,65.89,67.82
77.84,77.84,30.69,64.78,66.23
76.66,76.66,26.87,65.65,66.47
78.26,78.26,24.28,66.28,67.21
76.90,76.90,25.69,65.38,64.55
71.57,71.57,30.60,64.10,63.48
66.37,66.37,40.04,65.55,65.88
67.40,67.40,33.08,65.77,66.17
63.69,63.69,30.46,65.39,64.54
64.37,64.37,33.54,64.71,64.05
63.18,63.18,30.34,65.77,64.10
63.62,63.62,38.25,65.71,64.27
62.39,62.39,31.53,65.59,66.66
63.46,63.46,32.82,64.53,65.82
59.60,59.60,22.22,65.66,65.43
69.23,69.23,31.56,66.13,66.03
78.08,78.08,34.14,65.72,63.79
76.63,76.63,34.22,65.09,63.37
78.31,78.31,36.14,66.75,64.48
77.42,77.42,31.54,66.76,62.77
79.65,79.65,36.75,66.39,64.60
78.84,78.84,38.80,64.56,63.98
78.24,78.24,36.95,66.00,59.47
77.83,77.83,41.65,67.95,62.83
75.50,75.50,40.32,86.15,65.19
74.41,74.41,40.32,87.18,64.89
77.09,77.09,35.29,81.36,62.68
78.40,78.40,33.91,76.33,64.01
81.63,81.63,30.28,83.21,74.47
81.46,81.46,27.68,82.23,74.15
76.65,76.65,26.99,79.67,74.20
76.07,76.07,27.28,80.23,75.32
73.16,73.16,30.04,79.06,76.39
67.67,67.67,32.43,78.07,77.23
62.65,62.65,30.74,77.42,76.15
63.38,63.38,29.61,76.34,76.05
55.34,55.34,28.70,77.92,77.18
50.69,50.69,30.84,77.27,77.73
49.48,49.48,35.32,75.37,77.05
55.46,55.46,35.97,75.92,77.79
54.78,54.78,35.71,75.26,77.38
55.79,55.79,36.62,74.39,77.90
53.75,53.75,38.16,73.03,77.69
53.45,53.45,39.58,71.30,78.01
51.15,51.15,39.84,72.49,77.85
48.97,48.97,40.01,72.88,77.53
46.99,46.99,37.67,70.38,77.56
46.55,46.55,40.00,70.45,76.59
52.84,52.84,35.13,70.97,77.30
46.63,46.63,36.71,69.40,76.29
49.96,49.96,36.60,69.47,77.75
55.86,55.86,32.35,68.49,77.19
65.51,65.51,36.44,70.74,77.31
75.22,75.22,36.98,71.33,76.56
77.22,77.22,32.02,68.39,75.58
78.65,78.65,28.73,67.96,74.31
79.35,79.35,27.67,68.35,77.32
81.38,81.38,31.21,67.77,78.05
80.38,80.38,28.60,68.37,80.90
80.07,80.07,26.89,67.57,79.46
79.00,79.00,32.77,67.40,79.33
77.84,77.84,31.06,67.05,80.77
78.81,78.81,37.80,66.13,80.85
78.70,78.70,32.43,66.22,80.17
77.64,77.64,37.16,66.88,78.88
76.95,76.95,36.89,66.61,77.58
77.49,77.49,34.25,67.40,77.86
76.31,76.31,39.04,66.70,75.82
74.68,74.68,36.03,65.59,75.43
73.92,73.92,36.93,66.86,75.30
71.93,71.93,32.32,66.43,74.78
68.15,68.15,40.68,65.22,75.64
59.20,59.20,46.67,66.02,76.16
64.84,64.84,45.81,65.98,77.50
66.87,66.87,45.32,65.96,76.26
68.91,68.91,41.67,65.61,74.77
78.34,78.34,37.76,64.44,75.63
75.30,75.30,37.47,65.04,74.98
79.85,79.85,38.83,64.80,71.73
77.96,77.96,35.83,63.02,72.14
75.54,75.54,29.33,63.34,73.78
78.17,78.17,39.07,62.70,73.86
80.52,80.52,43.72,61.51,74.07
78.99,78.99,43.78,62.36,70.43
74.74,74.74,32.67,61.65,71.56
78.81,78.81,33.08,60.90,72.08
82.18,82.18,34.90,61.20,72.17
81.07,81.07,41.82,59.55,72.05
79.11,79.11,45.66,59.14,72.59
78.50,78.50,37.15,59.06,72.62
79.88,79.88,38.79,56.86,72.02
79.92,79.92,36.99,56.87,71.79
76.60,76.60,41.74,56.92,71.62
78.32,78.32,40.70,55.69,71.63
78.89,78.89,42.89,56.62,70.99
77.01,77.01,33.87,56.10,70.41
77.41,77.41,38.33,54.54,68.53
78.17,78.17,34.41,54.99,68.72
80.11,80.11,42.68,54.08,68.26
77.05,77.05,36.80,54.52,71.42
75.94,75.94,41.42,55.24,72.63
70.84,70.84,37.83,53.17,73.41
72.26,72.26,34.73,54.90,73.83
79.16,79.16,31.09,55.97,73.15
81.14,81.14,27.84,64.81,71.44
80.12,80.12,30.68,80.98,69.79
78.11,78.11,27.29,85.14,68.51
79.64,79.64,23.52,78.39,68.31
82.52,82.52,20.51,78.60,67.88
85.22,85.22,21.75,81.64,65.24
84.15,84.15,24.55,76.49,66.79
82.91,82.91,26.71,76.11,66.68
79.26,79.26,21.37,78.40,63.26
79.79,79.79,20.04,74.82,64.85
76.70,76.70,22.46,74.11,68.03
72.53,72.53,30.58,75.32,69.12
72.92,72.92,35.82,74.96,71.54
76.66,76.66,33.36,82.61,72.69
78.64,78.64,35.07,81.48,69.82
82.12,82.12,34.10,82.25,70.64
81.39,81.39,27.36,81.64,70.36
79.47,79.47,24.86,80.85,67.71
78.19,78.19,23.19,79.73,66.94
77.09,77.09,25.64,79.44,67.90
74.66,74.66,27.18,79.14,71.41
72.09,72.09,26.85,78.03,67.14
68.66,68.66,28.27,78.25,67.73
71.34,71.34,28.35,77.99,65.96
72.84,72.84,28.87,77.47,66.95
74.93,74.93,29.61,76.57,65.54
73.73,73.73,28.91,77.05,67.61
73.61,73.61,30.62,76.39,67.75
72.99,72.99,30.32,76.57,69.13
70.74,70.74,30.20,76.24,67.73
72.72,72.72,29.80,76.09,70.44
74.36,74.36,30.42,75.56,70.78
75.26,75.26,30.45,75.20,70.26
74.84,74.84,29.74,74.64,72.85
72.65,72.65,31.07,74.44,71.93
73.17,73.17,31.20,73.94,72.73
72.61,72.61,31.22,74.33,72.88
72.20,72.20,36.14,73.86,72.55
71.45,71.45,35.55,73.55,68.84
69.57,69.57,34.96,73.39,67.56
64.51,64.51,35.00,73.00,65.90
64.08,64.08,32.63,72.05,65.59
64.19,64.19,33.35,71.31,68.90
64.95,64.95,30.49,71.00,74.63
67.82,67.82,30.71,70.76,76.08
77.53,77.53,26.46,67.25,77.18
80.81,80.81,24.95,67.85,77.96
79.25,79.25,29.08,64.28,77.88
78.34,78.34,26.73,61.06,77.44
79.45,79.45,21.33,60.53,75.56
79.74,79.74,26.28,61.43,76.84
81.31,81.31,27.42,60.14,75.12
81.68,81.68,22.54,56.53,76.50
81.78,81.78,25.08,55.20,77.00
80.71,80.71,22.07,54.35,75.09
81.13,81.13,23.11,54.84,72.12
80.19,80.19,23.60,53.62,73.09
79.19,79.19,23.95,50.93,73.54
75.86,75.86,25.56,50.02,73.27
74.48,74.48,25.90,48.73,74.99
76.12,76.12,30.88,55.29,72.10
79.37,79.37,34.71,55.65,72.31
79.22,79.22,40.19,54.64,71.88
78.67,78.67,44.38,55.49,74.51
77.57,77.57,45.79,56.92,72.93
79.64,79.64,45.13,59.61,71.21
80.08,80.08,41.88,60.62,71.87
79.83,79.83,39.76,61.10,72.83
80.21,80.21,39.47,61.67,73.24
79.91,79.91,39.10,62.97,73.06
80.93,80.93,36.67,63.05,73.18
79.56,79.56,37.01,64.25,71.19
78.64,78.64,34.25,64.06,73.26
76.06,76.06,31.42,64.08,70.74
73.73,73.73,31.99,64.37,74.00
74.93,74.93,35.99,65.39,73.04
78.38,78.38,36.62,65.86,70.81
77.78,77.78,31.41,66.20,70.64
76.42,76.42,27.80,66.68,70.36
75.02,75.02,26.30,67.72,69.53
76.08,76.08,26.18,67.94,70.01
74.47,74.47,27.07,67.93,71.43
74.13,74.13,29.98,67.66,70.89
74.20,74.20,30.80,67.77,68.80
74.29,74.29,32.22,67.81,67.22
75.49,75.49,31.47,68.20,70.98
75.89,75.89,27.54,67.90,69.06
76.90,76.90,29.18,67.90,69.23
77.84,77.84,27.61,68.41,69.45
78.53,78.53,27.35,68.86,68.78
78.25,78.25,27.82,68.86,69.50
78.07,78.07,26.02,68.84,67.40
78.56,78.56,27.99,68.66,69.09
80.22,80.22,28.96,68.43,67.40
80.70,80.70,27.95,68.67,67.98
80.47,80.47,32.46,68.64,66.66
77.32,77.32,30.19,68.66,66.22
77.52,77.52,24.57,68.75,65.94
80.15,80.15,25.59,69.24,63.54
80.19,80.19,30.14,69.12,65.21
79.28,79.28,34.20,69.56,66.90
80.67,80.67,39.03,68.68,64.85
81.89,81.89,41.93,69.47,66.52
81.10,81.10,49.67,70.80,71.80
79.91,79.91,53.00,72.56,79.24
79.82,79.82,57.57,72.96,78.93
80.33,80.33,47.72,71.50,76.36
81.15,81.15,50.26,69.22,80.49
78.07,78.07,49.56,69.12,76.12
78.20,78.20,51.73,70.40,74.03
74.80,74.80,47.22,69.61,78.28
73.90,73.90,43.47,67.98,76.94
77.38,77.38,49.17,68.45,78.44
76.77,76.77,50.52,69.26,78.90
76.52,76.52,49.26,68.69,76.61
78.70,78.70,48.11,67.76,75.44
77.35,77.35,37.86,68.93,77.67
75.66,75.66,37.41,68.84,72.31
75.12,75.12,41.75,68.75,77.24
76.05,76.05,44.55,68.48,76.38
75.38,75.38,41.34,69.01,77.52
73.89,73.89,43.50,69.46,78.88
74.08,74.08,37.74,68.64,75.22
73.67,73.67,40.37,68.07,75.34
74.03,74.03,43.55,67.58,73.16
73.55,73.55,38.08,68.01,74.04
72.75,72.75,44.96,67.63,74.76
73.18,73.18,37.02,68.04,71.64
73.27,73.27,42.41,67.78,72.76
72.40,72.40,40.86,67.81,76.37
71.86,71.86,40.37,67.01,70.70
74.27,74.27,34.23,65.00,75.36
73.51,73.51,30.14,62.25,70.55
71.97,71.97,28.60,82.49,72.01
63.94,63.94,26.48,86.93,75.09
54.19,54.19,25.11,87.44,77.39
47.97,47.97,32.74,86.11,76.32
47.37,47.37,41.89,83.21,74.92
47.73,47.73,38.78,79.43,72.09
46.33,46.33,36.44,77.17,73.42
45.60,45.60,32.01,75.46,72.21
43.82,43.82,30.51,77.48,72.39
40.85,40.85,30.33,78.21,71.39
38.54,38.54,25.96,77.92,68.91
40.45,40.45,26.24,76.52,71.94
39.98,39.98,29.78,73.62,70.11
38.93,38.93,28.09,69.96,69.32
45.44,45.44,30.15,66.15,76.77
41.65,41.65,33.15,68.68,80.67
41.28,41.28,41.17,69.34,77.04
41.53,41.53,45.87,69.26,79.14
42.19,42.19,49.32,67.36,78.24
42.24,42.24,53.00,65.79,77.30
41.38,41.38,56.21,65.61,75.95
40.80,40.80,54.01,63.92,74.09
38.76,38.76,53.87,64.73,74.65
40.07,40.07,52.02,65.50,72.60
39.70,39.70,54.65,66.03,73.20
38.04,38.04,54.83,65.96,72.64
35.79,35.79,53.47,63.97,71.34
34.60,34.60,51.50,62.58,71.59
28.89,28.89,49.80,58.98,69.67
28.99,28.99,51.94,57.26,78.30
26.90,26.90,52.44,74.08,82.55
27.52,27.52,52.97,86.72,80.91
29.72,29.72,57.71,85.74,80.63
35.78,35.78,58.65,82.70,80.55
38.30,38.30,55.73,76.64,80.14
37.21,37.21,54.97,71.98,78.62
37.86,37.86,52.82,74.38,77.31
35.43,35.43,49.63,75.37,76.44
36.99,36.99,52.02,75.67,75.78
39.44,39.44,50.23,75.51,75.11
40.99,40.99,49.54,73.84,74.27
42.65,42.65,47.44,72.03,73.94
39.82,39.82,46.89,71.35,73.16
36.23,36.23,46.01,70.26,71.97
30.93,30.93,44.39,71.33,71.59
28.14,28.14,41.83,71.07,73.20
29.40,29.40,41.41,71.39,72.50
32.83,32.83,40.97,70.07,71.06
36.65,36.65,40.13,68.99,71.25
37.34,37.34,39.19,69.47,70.78
33.63,33.63,38.62,69.61,69.68
30.46,30.46,36.85,69.39,68.93
31.90,31.90,35.88,69.76,67.79
43.29,43.29,34.95,69.51,68.12
50.76,50.76,34.17,67.54,65.05
67.08,67.08,33.54,65.57,66.62
75.44,75.44,33.94,63.72,66.58
73.53,73.53,32.30,64.73,64.36
74.10,74.10,33.05,64.21,64.49
73.73,73.73,30.82,64.65,63.55
72.11,72.11,30.84,62.83,62.78
75.96,75.96,40.05,73.39,66.55
80.18,80.18,44.92,84.24,67.62
82.94,82.94,40.77,84.41,67.59
83.89,83.89,38.44,83.00,69.46
84.47,84.47,33.82,78.70,66.39
81.70,81.70,33.88,80.94,69.55
79.54,79.54,31.52,79.70,69.39
79.03,79.03,37.56,78.57,69.51
81.35,81.35,35.29,78.04,69.94
82.57,82.57,28.87,74.15,68.22
83.22,83.22,34.47,76.51,67.29
83.71,83.71,34.17,77.95,68.94
83.24,83.24,32.62,76.96,65.77
82.95,82.95,24.92,78.39,65.21
82.19,82.19,22.92,74.52,63.64
81.96,81.96,23.69,75.56,62.68
83.57,83.57,25.36,76.56,65.19
83.92,83.92,27.21,75.00,63.84
84.88,84.88,25.59,76.99,62.13
81.75,81.75,26.14,75.18,63.41
75.82,75.82,27.10,75.82,64.39
76.41,76.41,28.23,76.49,68.97
80.89,80.89,29.97,75.34,72.44
79.92,79.92,25.68,76.31,72.72
81.12,81.12,27.63,74.42,72.89
78.77,78.77,27.95,75.54,71.62
79.86,79.86,28.30,74.23,71.91
77.23,77.23,27.27,74.29,69.60
76.45,76.45,27.22,75.89,70.58
75.71,75.71,26.99,74.48,70.37
76.27,76.27,30.81,76.57,71.50
75.78,75.78,27.41,74.73,69.51
72.05,72.05,28.94,74.32,74.17
74.11,74.11,33.69,73.11,76.74
74.61,74.61,33.79,71.94,76.23
73.76,73.76,32.77,72.20,81.34
72.76,72.76,34.32,69.93,79.86
73.66,73.66,35.07,70.75,77.50
75.68,75.68,38.49,71.10,79.82
74.29,74.29,33.80,70.99,79.28
70.31,70.31,27.23,71.89,74.56
67.95,67.95,29.09,69.32,74.92
77.47,77.47,25.37,70.79,77.36
81.02,81.02,27.59,66.86,73.99
82.70,82.70,32.44,65.14,71.88
83.67,83.67,34.54,66.14,73.03
83.54,83.54,36.51,64.65,74.73
81.25,81.25,35.45,66.31,71.68
79.73,79.73,40.75,63.97,70.48
77.40,77.40,47.43,64.62,71.15
78.90,78.90,52.87,64.47,73.27
79.67,79.67,64.71,61.91,71.44
80.88,80.88,62.29,64.86,70.46
80.38,80.38,60.89,61.86,73.60
77.38,77.38,55.64,59.20,71.48
75.67,75.67,50.47,59.53,70.57
73.69,73.69,47.46,57.09,71.11
75.16,75.16,43.91,49.62,73.98
76.49,76.49,42.96,54.24,71.08
75.03,75.03,39.91,44.31,71.77
72.09,72.09,35.89,50.71,73.55
64.13,64.13,35.75,53.94,70.51
59.74,59.74,35.64,46.12,70.60
59.76,59.76,40.08,45.37,72.70
54.34,54.34,44.38,40.38,70.59
53.12,53.12,47.01,44.87,75.76
53.68,53.68,44.50,43.19,80.01
53.43,53.43,44.11,36.60,79.66
51.52,51.52,42.54,41.17,79.27
51.72,51.72,41.42,47.53,78.24
51.59,51.59,40.06,46.43,78.74
52.52,52.52,39.87,44.11,78.55
51.35,51.35,40.50,47.59,78.02
51.93,51.93,39.96,49.28,76.46
51.08,51.08,39.03,49.17,77.62
50.50,50.50,39.77,49.47,76.80
49.07,49.07,41.61,47.73,76.62
46.12,46.12,43.56,47.63,76.61
44.26,44.26,44.98,48.85,75.63
44.16,44.16,44.54,55.46,75.36
44.47,44.47,43.99,60.88,75.00
46.51,46.51,41.78,59.69,73.99
47.84,47.84,40.82,60.13,73.23
56.91,56.91,37.83,60.85,73.69
68.00,68.00,39.55,75.65,74.72
74.48,74.48,38.92,80.82,73.37
75.05,75.05,36.68,84.55,71.48
73.05,73.05,36.93,85.95,69.55
69.72,69.72,36.02,87.65,64.52
66.62,66.62,32.72,85.66,66.94
73.16,73.16,32.95,85.57,66.38
71.35,71.35,36.81,86.52,66.44
67.86,67.86,53.38,84.13,63.87
61.44,61.44,50.97,86.31,59.28
63.40,63.40,48.89,84.37,61.04
70.07,70.07,48.94,80.30,62.73
78.89,78.89,44.29,78.76,69.51
80.82,80.82,38.39,82.05,71.79
79.77,79.77,35.64,83.02,72.48
80.87,80.87,36.62,80.89,73.08
80.99,80.99,26.68,77.72,74.13
80.83,80.83,31.24,78.60,75.80
82.12,82.12,29.93,78.72,74.36
81.45,81.45,26.91,79.02,74.85
81.09,81.09,28.18,80.47,73.84
80.84,80.84,34.95,81.03,74.37
78.26,78.26,36.59,79.52,73.49
78.55,78.55,39.31,79.48,74.35
77.65,77.65,37.46,78.11,74.04
75.74,75.74,36.33,77.87,72.79
77.80,77.80,32.91,78.73,71.64
79.33,79.33,30.97,78.77,71.60
80.19,80.19,28.87,77.40,70.87
83.11,83.11,31.29,76.59,69.57
83.70,83.70,34.14,75.91,70.02
80.44,80.44,31.63,76.51,70.59
81.08,81.08,30.19,77.40,76.44
78.23,78.23,30.53,77.56,76.83
78.61,78.61,31.78,77.58,77.42
72.93,72.93,31.66,77.40,77.54
74.55,74.55,32.05,76.67,76.82
72.79,72.79,29.20,76.04,76.89
71.65,71.65,26.25,75.43,77.03
74.97,74.97,27.00,74.89,75.16
74.75,74.75,28.44,74.54,74.88
82.01,82.01,31.78,74.21,77.61
81.96,81.96,34.45,73.23,76.74
83.25,83.25,38.59,73.44,77.95
78.42,78.42,40.49,71.97,78.18
79.45,79.45,41.29,70.44,75.67
80.42,80.42,39.37,71.93,78.01
80.35,80.35,43.63,71.99,75.71
81.50,81.50,36.60,70.01,78.68
81.19,81.19,31.69,69.93,77.17
81.07,81.07,26.91,70.65,75.08
80.04,80.04,28.12,70.39,79.29
78.51,78.51,29.95,67.47,74.45
76.31,76.31,37.13,66.70,78.48
76.89,76.89,33.79,66.47,76.17
77.86,77.86,31.95,66.84,76.07
80.59,80.59,30.45,64.80,72.62
80.11,80.11,31.76,63.68,76.83
79.88,79.88,33.19,62.52,73.50
80.16,80.16,36.88,62.23,75.28
77.51,77.51,42.87,62.73,75.31
78.60,78.60,52.65,62.03,77.03
79.78,79.78,55.17,59.74,75.31
78.96,78.96,51.01,60.04,74.83
76.96,76.96,48.29,59.62,73.01
77.98,77.98,42.78,59.99,74.06
78.08,78.08,35.63,57.36,73.29
76.73,76.73,33.67,58.26,71.68
76.15,76.15,31.15,59.12,70.02
75.42,75.42,34.27,57.37,70.38
75.50,75.50,42.79,58.05,69.24
74.92,74.92,44.40,59.30,70.47
74.54,74.54,49.32,58.41,70.77
72.82,72.82,48.32,60.54,75.28
73.40,73.40,46.87,60.53,74.12
74.55,74.55,40.11,61.90,75.04
75.52,75.52,40.10,64.07,75.53
68.12,68.12,37.42,63.16,73.99
76.15,76.15,35.24,62.33,75.95
70.57,70.57,33.64,62.97,77.14
66.28,66.28,31.95,63.48,77.38
67.21,67.21,30.79,64.73,79.77
60.44,60.44,29.25,65.44,77.36
58.86,58.86,28.05,65.38,80.04
55.52,55.52,26.89,66.59,78.98
53.73,53.73,31.04,66.67,77.01
56.67,56.67,38.85,66.56,80.70
59.62,59.62,43.55,66.64,78.34
58.55,58.55,59.03,67.60,78.08
58.90,58.90,52.02,68.20,78.85
61.44,61.44,42.56,67.84,76.06
63.57,63.57,39.68,67.69,76.00
63.89,63.89,33.69,68.30,74.46
60.55,60.55,31.30,68.69,69.34
57.62,57.62,29.87,68.58,69.71
60.53,60.53,29.60,69.41,65.31
60.80,60.80,27.13,69.97,65.46
72.07,72.07,24.96,69.93,66.18
74.28,74.28,21.65,69.43,64.59
76.79,76.79,15.81,68.82,60.30
78.71,78.71,17.14,67.74,63.07
82.70,82.70,26.37,66.67,66.02
83.42,83.42,31.12,71.59,68.22
84.77,84.77,35.48,81.84,73.97
80.68,80.68,33.65,79.55,75.49
80.18,80.18,33.18,75.28,74.67
80.84,80.84,31.73,66.94,72.25
80.77,80.77,32.76,64.62,73.49
81.90,81.90,30.79,71.34,76.66
81.67,81.67,32.09,67.11,77.53
81.78,81.78,34.63,71.24,77.17
82.62,82.62,32.96,74.83,76.10
83.86,83.86,35.54,74.25,74.30
85.28,85.28,34.61,75.43,73.36
86.70,86.70,35.81,76.88,72.73
87.31,87.31,33.19,75.29,71.20
87.48,87.48,32.86,74.81,69.45
85.24,85.24,30.15,76.12,68.17
82.81,82.81,29.50,75.08,67.27
78.63,78.63,30.67,75.95,71.11
74.26,74.26,37.10,76.41,69.52
71.56,71.56,32.60,76.42,68.69
77.47,77.47,31.63,77.15,67.71
75.00,75.00,29.13,75.88,75.68
74.87,74.87,29.67,74.97,75.95
75.91,75.91,32.02,76.67,74.91
77.47,77.47,33.93,76.36,75.66
77.19,77.19,34.10,75.36,74.22
78.16,78.16,28.54,74.77,75.38
78.90,78.90,30.93,76.30,75.40
81.12,81.12,37.78,76.62,74.79
80.81,80.81,46.36,75.24,72.50
84.05,84.05,51.53,75.11,73.65
81.82,81.82,55.89,75.03,76.94
78.87,78.87,55.46,75.22,77.51
82.39,82.39,55.68,73.65,78.31
81.05,81.05,53.07,73.28,79.52
78.70,78.70,49.73,73.86,79.02
81.80,81.80,45.39,73.39,79.70
82.40,82.40,38.95,73.27,76.99
82.56,82.56,33.99,72.16,76.05
81.59,81.59,34.86,73.82,79.55
77.74,77.74,32.53,73.74,76.56
78.60,78.60,27.86,72.93,76.27
77.90,77.90,29.15,72.83,76.99
78.39,78.39,34.92,73.45,75.02
76.52,76.52,31.21,73.10,77.18
77.92,77.92,29.08,71.13,76.01
80.63,80.63,31.28,71.71,76.48
80.69,80.69,30.94,72.42,75.07
80.37,80.37,37.01,71.65,74.65
82.46,82.46,40.87,70.55,74.84
84.20,84.20,52.82,69.88,74.50
83.51,83.51,55.06,69.10,75.23
83.65,83.65,50.94,68.15,76.13
83.68,83.68,45.31,68.30,75.49
79.60,79.60,39.47,68.11,73.55
73.95,73.95,39.31,69.01,76.30
70.84,70.84,36.42,69.47,72.15
63.60,63.60,32.96,69.61,74.38
55.02,55.02,34.26,68.85,73.89
58.88,58.88,39.91,70.52,69.67
65.55,65.55,38.11,70.57,72.95
75.13,75.13,33.51,69.74,72.28
77.22,77.22,30.38,68.74,74.93
78.64,78.64,29.77,69.50,76.88
81.05,81.05,26.14,69.95,73.75
82.16,82.16,26.39,70.89,72.24
82.32,82.32,24.32,69.91,72.63
82.90,82.90,21.09,70.67,70.62
81.95,81.95,24.51,70.90,69.89
81.23,81.23,25.20,70.15,69.96
80.90,80.90,27.68,69.21,67.25
79.27,79.27,25.47,70.21,69.28
79.38,79.38,25.19,70.42,73.14
79.10,79.10,26.17,70.22,69.50
79.36,79.36,30.67,69.55,71.26
79.54,79.54,29.51,71.15,71.47
80.53,80.53,31.84,71.64,68.40
80.59,80.59,30.89,70.66,70.19
81.20,81.20,32.48,71.12,68.21
81.50,81.50,27.12,78.08,71.55
80.63,80.63,26.80,87.03,69.86
83.03,83.03,27.94,85.90,72.01
82.45,82.45,26.30,86.14,67.17
81.16,81.16,27.14,82.38,70.80
77.76,77.76,27.76,81.49,69.50
76.54,76.54,26.37,80.62,68.25
71.67,71.67,20.57,82.45,70.39
70.13,70.13,14.72,83.22,65.88
69.31,69.31,31.64,82.96,65.44
69.87,69.87,31.43,80.70,66.87
68.61,68.61,31.39,86.58,78.33
66.11,66.11,44.68,85.44,78.32
66.60,66.60,47.76,79.04,80.07
70.23,70.23,45.30,81.77,80.53
78.33,78.33,38.63,87.96,79.26
79.31,79.31,33.51,84.50,78.82
78.47,78.47,30.56,84.36,78.90
77.59,77.59,26.38,84.22,79.83
78.15,78.15,30.02,84.54,78.52
78.27,78.27,28.05,84.95,78.57
77.76,77.76,26.76,83.53,79.65
78.42,78.42,29.99,85.25,79.63
77.97,77.97,28.51,83.48,79.83
77.77,77.77,29.76,84.48,79.83
77.77,77.77,29.74,82.28,79.87
79.15,79.15,26.92,84.01,79.56
78.98,78.98,30.44,81.43,79.26
78.81,78.81,30.88,82.14,79.31
78.21,78.21,28.78,81.73,79.16
78.84,78.84,28.45,81.68,79.47
79.26,79.26,29.90,80.17,78.97
79.56,79.56,28.27,80.20,77.20
78.36,78.36,28.79,81.73,77.88
75.45,75.45,29.11,80.28,77.42
74.95,74.95,32.55,80.59,76.62
75.44,75.44,33.38,79.74,76.44
73.68,73.68,33.65,81.43,74.72
78.67,78.67,35.37,79.83,75.71
82.78,82.78,34.99,80.35,72.92
82.85,82.85,39.42,79.67,74.64
79.62,79.62,43.29,80.15,73.56
77.20,77.20,46.40,80.69,73.22
77.34,77.34,45.44,80.13,76.47
75.53,75.53,42.28,80.69,80.47
74.36,74.36,44.24,79.86,80.07
75.99,75.99,41.85,80.99,80.76
75.89,75.89,40.61,79.37,80.71
75.79,75.79,40.28,80.34,78.88
76.28,76.28,34.03,79.46,80.62
78.91,78.91,30.81,80.04,78.63
78.26,78.26,30.39,80.01,79.61
76.74,76.74,29.84,79.13,77.95
76.87,76.87,29.43,80.09,79.67
77.50,77.50,29.74,78.69,77.66
78.76,78.76,29.20,79.77,77.85
77.11,77.11,28.34,77.90,77.08
72.10,72.10,30.46,79.15,75.48
67.70,67.70,27.46,77.59,76.57
66.93,66.93,26.26,78.80,75.68
77.08,77.08,27.91,77.76,73.00
80.58,80.58,31.34,78.49,79.48
79.96,79.96,30.96,79.12,75.03
77.78,77.78,30.57,78.20,75.48
76.57,76.57,34.92,78.67,76.46
76.60,76.60,38.03,77.84,72.20
77.91,77.91,35.60,78.99,75.74
76.97,76.97,34.54,77.22,73.65
76.93,76.93,35.47,78.70,73.29
76.67,76.67,37.44,77.04,76.04
77.27,77.27,40.70,78.01,72.44
75.88,75.88,43.14,76.50,71.81
73.84,73.84,46.96,77.25,82.34
73.49,73.49,50.37,76.67,83.14
71.38,71.38,50.67,76.60,83.86
64.83,64.83,49.36,77.56,83.95
61.75,61.75,45.18,75.95,81.25
61.38,61.38,36.75,77.07,82.34
60.05,60.05,31.63,76.17,83.46
61.63,61.63,34.55,77.46,80.72
62.54,62.54,30.52,76.54,82.25
62.88,62.88,29.43,77.17,81.41
61.58,61.58,29.58,76.96,82.04
60.64,60.64,36.53,76.85,81.25
61.78,61.78,37.15,77.59,80.76
66.90,66.90,34.75,76.12,81.74
72.36,72.36,32.98,77.38,81.34
70.65,70.65,31.08,75.50,82.02
62.97,62.97,25.85,76.23,80.43
61.85,61.85,26.03,74.64,83.10
61.23,61.23,27.17,75.19,82.08
65.53,65.53,38.13,74.41,81.65
77.28,77.28,39.78,74.11,81.57
80.57,80.57,37.85,74.25,78.13
73.53,73.53,33.91,73.61,76.12
71.53,71.53,28.84,74.72,75.20
77.97,77.97,27.12,72.71,74.50
79.24,79.24,34.43,74.19,73.93
79.71,79.71,33.91,72.83,73.54
76.81,76.81,32.20,73.37,72.00
73.51,73.51,31.99,72.71,71.71
74.68,74.68,34.77,73.20,70.30
76.11,76.11,37.59,69.59,71.31
81.03,81.03,35.07,76.09,71.74
81.16,81.16,27.68,81.72,72.02
81.17,81.17,26.89,83.93,73.44
83.10,83.10,24.65,79.46,74.01
83.12,83.12,29.45,74.40,76.01
82.29,82.29,30.61,76.58,74.80
83.05,83.05,35.32,77.75,73.95
82.00,82.00,33.62,71.64,74.66
80.12,80.12,32.66,68.68,72.46
79.17,79.17,34.08,67.37,72.53
79.77,79.77,30.35,68.79,73.69
80.72,80.72,31.09,65.63,70.87
81.40,81.40,31.73,64.31,72.26
81.04,81.04,32.04,66.22,73.47
80.90,80.90,30.79,63.53,68.13
80.85,80.85,29.50,62.90,67.50
80.57,80.57,28.36,65.50,70.02
80.41,80.41,26.76,66.84,69.02
78.83,78.83,28.65,63.24,70.95
78.60,78.60,29.30,67.64,71.63
78.18,78.18,30.43,65.37,66.75
77.49,77.49,30.27,67.34,67.40
69.42,69.42,29.68,69.15,76.68
67.07,67.07,27.21,68.20,74.44
61.23,61.23,29.22,69.88,76.39
59.59,59.59,28.04,71.10,77.36
59.77,59.77,28.03,70.56,75.35
68.37,68.37,27.79,69.96,76.55
77.36,77.36,32.94,70.52,76.40
81.60,81.60,37.09,70.95,72.46
80.99,80.99,37.14,69.54,76.16
78.82,78.82,36.76,70.80,79.20
80.89,80.89,36.02,70.33,79.83
80.43,80.43,34.90,71.04,81.31
78.99,78.99,36.58,69.02,82.39
78.84,78.84,34.47,69.09,82.64
79.90,79.90,33.98,69.48,81.23
79.57,79.57,31.73,68.39,80.02
78.88,78.88,31.41,67.48,80.72
78.72,78.72,33.63,67.65,79.95
76.85,76.85,36.79,68.51,76.57
77.58,77.58,32.32,67.31,78.26
71.72,71.72,36.74,66.32,77.97
66.52,66.52,32.63,66.21,78.91
62.50,62.50,32.46,67.68,79.39
64.12,64.12,33.34,67.60,79.00
62.55,62.55,34.65,65.53,77.89
62.76,62.76,31.07,67.19,76.46
63.43,63.43,28.58,66.90,75.71
63.87,63.87,31.15,67.44,76.97
58.21,58.21,40.24,65.74,75.72
63.88,63.88,41.28,66.70,75.36
69.76,69.76,34.88,67.74,71.75
70.59,70.59,35.41,66.22,71.92
69.35,69.35,31.69,66.07,73.59
70.88,70.88,31.30,65.89,73.49
71.46,71.46,34.26,67.67,73.30
75.75,75.75,35.51,67.13,73.61
75.59,75.59,38.17,66.51,71.76
77.60,77.60,42.12,65.63,74.65
80.19,80.19,48.81,65.96,71.28
79.76,79.76,53.35,66.15,73.85
78.16,78.16,50.03,64.91,77.87
77.65,77.65,47.62,65.24,76.84
76.20,76.20,42.81,65.84,77.13
75.52,75.52,40.26,66.37,77.80
75.11,75.11,38.47,66.01,76.42
72.81,72.81,37.01,66.43,75.66
72.41,72.41,37.45,65.73,77.14
73.86,73.86,35.09,66.46,74.35
69.93,69.93,32.60,65.70,74.71
62.62,62.62,29.67,65.09,75.42
64.90,64.90,29.70,67.40,71.74
67.22,67.22,31.67,66.33,76.49
67.70,67.70,31.47,66.46,70.74
65.32,65.32,30.38,65.80,69.14
65.65,65.65,28.84,66.73,70.23
65.41,65.41,29.51,67.33,67.39
64.65,64.65,28.26,66.65,68.35
63.82,63.82,30.47,66.33,68.03
65.44,65.44,28.09,67.50,68.35
64.72,64.72,30.99,67.88,66.90
62.74,62.74,29.92,67.55,69.47
69.41,69.41,29.32,67.31,72.49
73.09,73.09,39.39,67.65,68.25
72.93,72.93,42.61,68.34,71.83
72.33,72.33,46.24,67.20,71.65
70.61,70.61,49.18,66.40,70.69
69.95,69.95,52.90,65.16,70.04
69.06,69.06,53.17,58.66,66.64
67.94,67.94,55.10,56.81,69.39
72.13,72.13,55.07,82.08,73.65
73.56,73.56,53.87,89.76,76.09
72.20,72.20,52.48,88.18,74.09
67.05,67.05,50.50,81.64,76.79
70.70,70.70,49.35,84.70,78.70
74.65,74.65,49.99,85.23,78.02
73.49,73.49,51.57,82.55,74.77
69.23,69.23,50.88,80.98,73.75
62.42,62.42,48.76,82.66,74.82
50.84,50.84,49.00,82.14,73.34
53.19,53.19,50.24,82.07,71.80
51.37,51.37,49.24,81.77,70.80
52.06,52.06,46.64,80.80,72.47
54.39,54.39,44.52,81.87,73.62
56.82,56.82,44.13,81.63,74.11
57.37,57.37,42.98,80.67,74.05
57.87,57.87,41.22,80.91,73.49
57.85,57.85,39.03,79.43,72.75
57.65,57.65,37.24,80.60,73.60
55.91,55.91,33.62,81.73,73.69
58.25,58.25,35.15,80.28,73.79
58.85,58.85,38.46,79.59,75.42
53.32,53.32,42.50,79.57,78.05
46.61,46.61,43.23,79.22,77.28
42.87,42.87,41.03,79.75,77.35
43.20,43.20,41.47,78.68,76.37
43.01,43.01,39.15,77.77,78.08
45.15,45.15,36.60,78.55,78.77
53.32,53.32,33.18,78.00,78.75
65.63,65.63,34.45,77.51,78.53
69.80,69.80,33.31,78.79,78.14
74.63,74.63,31.39,78.09,78.67
75.44,75.44,31.79,75.06,79.54
77.35,77.35,32.84,75.99,79.98
78.40,78.40,32.66,74.71,81.73
78.53,78.53,33.34,75.09,82.27
76.35,76.35,31.57,74.35,82.16
78.51,78.51,31.15,73.70,81.42
78.57,78.57,32.91,74.57,80.04
76.06,76.06,33.48,73.98,79.15
77.56,77.56,34.23,73.39,78.04
78.46,78.46,34.97,73.22,77.57
77.41,77.41,39.30,71.95,78.10
75.77,75.77,36.78,71.64,77.59
76.79,76.79,33.78,72.55,76.51
74.84,74.84,34.52,71.29,74.20
75.21,75.21,35.02,71.62,74.42
69.75,69.75,32.53,71.73,74.54
68.02,68.02,41.36,70.56,73.88
66.90,66.90,49.48,71.02,73.85
69.42,69.42,61.49,70.99,73.03
67.40,67.40,60.01,69.63,73.79
69.08,69.08,54.61,68.40,74.01
75.30,75.30,50.34,68.85,74.48
78.81,78.81,50.21,67.32,73.08
78.08,78.08,43.74,67.10,73.42
76.34,76.34,42.84,65.90,72.28
77.09,77.09,40.48,65.80,72.56
75.09,75.09,40.79,66.00,71.00
74.46,74.46,43.88,63.46,72.94
78.49,78.49,43.24,63.34,71.15
76.97,76.97,41.72,62.86,71.48
77.35,77.35,42.75,62.68,69.08
75.32,75.32,44.06,62.42,73.64
81.80,81.80,41.15,60.19,73.49
84.03,84.03,41.40,59.40,72.34
82.05,82.05,35.77,60.45,72.22
81.60,81.60,38.90,59.26,71.57
78.77,78.77,35.12,57.96,71.61
70.85,70.85,38.95,56.53,70.31
73.38,73.38,38.72,59.03,69.67
79.38,79.38,38.71,61.05,70.74
84.22,84.22,39.83,60.47,70.96
85.29,85.29,41.22,62.20,69.07
82.92,82.92,34.88,62.94,68.80
76.09,76.09,38.78,61.71,68.25
73.85,73.85,37.46,62.81,68.61
74.92,74.92,36.36,61.58,68.73
75.64,75.64,35.38,60.92,69.60
75.77,75.77,32.87,59.29,68.12
76.69,76.69,30.56,80.58,68.06
79.82,79.82,30.20,83.32,67.80
78.97,78.97,25.40,77.98,64.85
78.89,78.89,25.48,77.69,63.36
81.84,81.84,25.88,80.64,58.59
81.41,81.41,26.58,76.63,61.49
80.81,80.81,22.44,75.64,60.66
80.40,80.40,23.85,77.19,58.82
79.39,79.39,23.64,73.47,60.00
79.58,79.58,28.40,74.01,59.97
77.05,77.05,39.25,79.10,62.43
79.57,79.57,48.19,77.03,66.52
69.75,69.75,52.18,82.52,71.46
72.90,72.90,52.70,83.02,72.09
79.50,79.50,51.43,81.57,72.60
80.58,80.58,50.70,77.71,69.80
79.30,79.30,47.20,79.25,71.51
78.94,78.94,43.08,80.71,67.50
79.24,79.24,38.84,79.82,68.72
76.43,76.43,36.20,81.95,66.63
77.45,77.45,34.46,81.37,66.54
75.97,75.97,32.98,79.78,63.72
74.81,74.81,33.83,79.67,66.68
74.79,74.79,33.41,80.27,65.79
72.15,72.15,31.38,79.44,64.76
73.85,73.85,31.89,79.36,65.45
77.32,77.32,30.88,78.86,63.80
81.17,81.17,29.73,77.85,68.66
82.02,82.02,29.79,77.31,64.02
81.26,81.26,27.23,78.06,69.71
77.01,77.01,28.87,77.93,73.52
72.12,72.12,31.56,78.02,75.69
70.34,70.34,33.14,78.10,76.68
65.29,65.29,32.16,77.26,74.82
62.27,62.27,30.47,78.02,76.55
67.59,67.59,31.66,77.22,74.37
69.51,69.51,37.89,77.00,74.72
69.53,69.53,38.49,76.89,75.25
61.44,61.44,38.57,76.91,74.85
61.24,61.24,39.66,76.76,75.63
72.33,72.33,45.08,75.38,76.83
72.92,72.92,53.18,75.31,74.39
69.61,69.61,55.62,74.21,76.00
62.30,62.30,56.63,73.88,80.21
70.61,70.61,55.73,72.75,74.25
80.88,80.88,52.75,72.67,78.03
78.41,78.41,50.66,71.92,76.70
79.78,79.78,47.31,72.11,77.60
80.20,80.20,46.24,72.36,77.20
76.77,76.77,42.44,71.93,76.04
79.10,79.10,40.95,69.65,74.40
81.57,81.57,39.78,68.74,77.11
81.02,81.02,36.77,68.37,77.35
76.55,76.55,35.98,67.87,73.93
73.67,73.67,33.95,65.56,75.10
72.96,72.96,31.25,65.51,73.15
76.73,76.73,31.22,65.15,75.14
77.48,77.48,29.98,65.80,75.05
73.43,73.43,30.80,63.74,73.44
74.61,74.61,33.95,63.31,73.49
76.23,76.23,40.60,63.85,73.79
75.39,75.39,49.51,60.66,73.29
75.33,75.33,58.00,58.59,72.54
71.62,71.62,56.09,55.77,74.27
72.36,72.36,52.81,60.10,72.08
74.97,74.97,49.12,59.84,70.20
75.81,75.81,44.11,59.37,70.28
76.29,76.29,41.43,59.15,69.49
77.90,77.90,40.26,57.46,72.70
79.31,79.31,37.86,60.07,71.38
77.75,77.75,38.14,59.20,69.85
77.23,77.23,42.86,58.91,71.26
73.81,73.81,49.98,60.15,75.56
66.74,66.74,53.88,62.64,75.27
71.53,71.53,52.87,61.96,74.14
76.84,76.84,52.34,63.61,74.12
76.88,76.88,48.54,63.49,75.29
76.42,76.42,46.18,63.75,72.64
75.44,75.44,42.21,64.04,74.92
73.92,73.92,38.59,64.83,74.22
75.84,75.84,37.43,65.52,74.09
76.21,76.21,36.35,66.42,74.32
75.25,75.25,36.98,67.01,73.14
75.09,75.09,38.51,66.85,70.61
74.61,74.61,39.08,67.40,70.57
72.32,72.32,40.31,67.81,66.37
73.13,73.13,42.84,68.12,67.04
75.71,75.71,43.28,68.35,68.56
77.45,77.45,45.59,68.26,67.16
78.18,78.18,45.41,69.02,68.24
79.58,79.58,44.54,68.82,67.31
80.56,80.56,42.14,69.51,66.68
80.38,80.38,39.97,67.01,64.85
79.69,79.69,40.02,63.68,63.36
79.83,79.83,38.63,60.54,65.81
77.79,77.79,34.85,61.87,62.20
76.81,76.81,33.24,61.99,65.73
78.47,78.47,34.16,61.45,67.17
78.50,78.50,34.61,54.15,71.20
79.17,79.17,35.20,56.44,69.25
80.45,80.45,38.58,57.59,72.26
80.88,80.88,42.36,68.08,76.76
80.78,80.78,49.02,67.21,78.35
80.27,80.27,52.45,67.78,78.50
80.71,80.71,49.46,85.56,77.93
79.22,79.22,44.81,88.59,77.49
77.48,77.48,38.53,89.54,77.16
76.30,76.30,37.95,88.23,74.63
79.49,79.49,36.66,85.57,76.29
81.55,81.55,34.27,81.43,75.03
79.40,79.40,33.40,79.29,75.52
79.78,79.78,36.74,77.72,73.67
80.91,80.91,37.24,79.71,76.55
80.50,80.50,35.72,80.20,73.05
76.48,76.48,36.31,80.42,75.37
73.03,73.03,39.02,78.20,73.67
72.88,72.88,37.10,74.22,73.61
76.09,76.09,36.89,70.79,73.90
76.14,76.14,38.27,70.14,71.61
77.80,77.80,36.72,71.60,73.51
78.19,78.19,34.15,72.25,70.87
79.28,79.28,35.74,72.95,73.54
77.65,77.65,34.19,72.44,71.86
74.75,74.75,36.51,70.50,73.23
74.14,74.14,33.79,68.07,70.02
74.35,74.35,35.08,61.76,72.43
71.30,71.30,33.18,61.67,72.14
76.40,76.40,34.23,63.56,71.23
73.61,73.61,32.00,65.29,71.92
73.67,73.67,35.55,65.50,68.62
74.46,74.46,41.59,63.96,72.61
75.67,75.67,48.94,62.80,70.35
76.44,76.44,54.20,69.47,75.30
75.68,75.68,51.27,85.50,80.93
73.83,73.83,51.91,78.60,80.51
71.07,71.07,51.88,82.63,81.04
68.93,68.93,49.95,82.37,80.05
72.45,72.45,46.94,78.40,80.78
69.77,69.77,42.74,71.76,82.12
72.18,72.18,41.60,73.54,81.39
70.90,70.90,42.56,72.75,77.16
64.80,64.80,39.52,77.01,79.36
61.74,61.74,34.38,74.64,78.54
66.53,66.53,37.40,71.35,79.56
70.11,70.11,39.33,71.90,79.22
69.29,69.29,38.84,68.00,78.27
63.23,63.23,39.18,71.11,79.59
66.02,66.02,41.15,72.77,77.25
69.43,69.43,44.86,75.00,79.07
70.47,70.47,46.98,75.33,77.11
66.01,66.01,47.01,75.10,78.46
62.02,62.02,46.75,72.43,76.04
61.66,61.66,47.29,75.01,78.88
69.88,69.88,41.66,74.34,76.54
70.94,70.94,42.26,73.53,77.93
66.84,66.84,39.32,72.74,74.93
65.52,65.52,41.59,72.91,76.20
68.10,68.10,35.61,74.55,76.88
75.64,75.64,33.62,72.93,74.30
78.29,78.29,35.66,72.86,73.08
77.50,77.50,45.09,72.46,72.34
77.40,77.40,53.97,75.66,69.90
77.82,77.82,59.74,86.45,81.34
76.35,76.35,60.18,90.10,80.09
74.42,74.42,52.79,86.21,81.42
73.66,73.66,51.31,81.73,81.57
74.29,74.29,52.99,82.16,81.15
74.22,74.22,51.42,84.88,82.87
72.59,72.59,49.31,85.08,80.86
73.94,73.94,54.54,83.23,82.76
73.59,73.59,57.77,82.74,82.39
75.57,75.57,57.01,83.93,83.06
75.41,75.41,57.35,82.66,82.87
76.81,76.81,58.77,82.08,81.88
75.18,75.18,57.79,82.18,82.23
74.16,74.16,56.82,82.05,83.47
75.10,75.10,57.74,81.97,82.30
76.86,76.86,56.36,80.74,81.16
76.61,76.61,55.93,78.88,80.19
74.97,74.97,56.57,77.40,82.32
74.50,74.50,51.12,77.75,82.87
73.25,73.25,54.41,77.88,80.71
68.66,68.66,55.50,79.08,79.98
69.63,69.63,51.09,79.60,81.96
70.26,70.26,48.90,79.82,82.26
66.10,66.10,52.80,79.10,80.09
66.21,66.21,51.31,77.60,79.64
66.01,66.01,53.16,79.60,79.96
66.89,66.89,52.91,80.60,81.15
67.26,67.26,52.60,79.78,78.95
65.37,65.37,54.10,76.68,75.35
65.50,65.50,52.08,70.42,74.70
68.04,68.04,53.89,66.12,80.15
78.05,78.05,49.15,70.16,83.72
74.94,74.94,56.14,80.35,86.09
80.53,80.53,63.77,83.67,83.39
76.30,76.30,59.63,80.86,83.02
77.31,77.31,62.24,83.95,84.15
79.45,79.45,58.82,83.40,82.78
75.26,75.26,59.74,82.20,82.06
72.11,72.11,58.05,81.15,80.64
79.27,79.27,58.94,82.07,80.69
79.55,79.55,59.89,80.50,82.51
73.73,73.73,58.88,81.01,78.72
63.12,63.12,59.25,78.96,81.29
67.32,67.32,58.57,75.10,82.36
73.70,73.70,58.46,71.62,81.22
72.92,72.92,55.14,74.07,82.00
67.36,67.36,50.21,70.30,80.06
60.09,60.09,52.58,73.16,78.31
69.13,69.13,55.05,72.00,81.11
64.00,64.00,59.99,71.11,77.40
67.60,67.60,61.35,72.60,80.19
72.93,72.93,62.23,70.40,78.39
78.68,78.68,62.24,71.83,80.65
80.09,80.09,62.14,72.31,79.83
76.26,76.26,63.27,73.80,77.31
67.41,67.41,61.54,74.40,77.58
69.81,69.81,59.66,74.23,78.90
65.85,65.85,59.87,74.76,77.39
77.96,77.96,58.03,73.48,79.36
77.29,77.29,58.01,72.36,76.21
77.22,77.22,55.70,71.71,76.43
77.25,77.25,53.59,71.33,77.15
71.61,71.61,53.05,69.67,76.77
70.80,70.80,54.45,68.87,76.56
69.51,69.51,57.71,69.83,79.64
66.97,66.97,53.44,67.37,75.67
69.20,69.20,53.30,68.22,77.51
66.95,66.95,51.11,68.58,78.80
66.03,66.03,52.18,69.32,74.38
64.85,64.85,49.43,70.23,78.45
65.10,65.10,51.80,71.07,77.16
63.38,63.38,48.07,70.74,77.23
64.57,64.57,48.72,70.29,77.79
60.65,60.65,44.97,69.45,77.43
54.53,54.53,45.94,68.67,76.40
55.19,55.19,45.00,68.09,75.34
61.48,61.48,44.21,67.98,76.37
55.72,55.72,44.00,67.25,77.86
48.52,48.52,43.93,67.61,74.90
55.32,55.32,42.85,65.88,76.76
58.62,58.62,45.38,67.35,77.66
52.93,52.93,42.20,67.24,76.40
53.33,53.33,43.27,66.90,76.02
58.73,58.73,41.89,65.72,75.21
56.08,56.08,41.37,67.23,77.33
48.47,48.47,44.11,67.77,73.28
54.50,54.50,41.57,65.07,75.55
56.13,56.13,40.78,65.80,74.57
50.94,50.94,39.88,66.38,77.15
48.51,48.51,38.91,65.57,70.05
54.02,54.02,42.20,63.67,73.72
54.32,54.32,43.76,61.96,75.61
48.06,48.06,47.15,63.23,73.89
53.59,53.59,54.00,63.01,75.04
53.80,53.80,56.97,64.83,74.67
52.70,52.70,54.76,63.42,74.86
48.74,48.74,51.74,63.70,77.45
53.50,53.50,48.46,60.87,74.97
54.25,54.25,46.16,59.05,75.96
48.82,48.82,46.42,59.05,75.82
51.10,51.10,45.14,59.65,71.76
52.80,52.80,42.57,59.26,75.43
50.26,50.26,41.57,58.77,75.73
47.44,47.44,42.56,61.11,73.67
49.10,49.10,43.36,59.33,72.27
48.69,48.69,42.18,58.07,76.94
44.32,44.32,40.40,58.49,72.27
40.65,40.65,39.39,59.52,74.75
42.51,42.51,37.32,56.93,75.65
41.28,41.28,36.50,58.17,71.79
37.72,37.72,36.64,51.76,72.21
39.12,39.12,41.11,53.98,74.03
43.43,43.43,46.74,64.60,76.21
44.44,44.44,60.54,79.33,74.81
44.95,44.95,58.49,82.42,71.07
44.12,44.12,59.19,82.73,73.81
37.92,37.92,57.82,74.29,68.55
38.31,38.31,65.99,73.67,73.08
38.01,38.01,66.30,77.16,74.57
40.06,40.06,66.34,74.61,72.29
43.19,43.19,64.24,74.61,72.90
44.07,44.07,65.65,72.78,70.05
52.84,52.84,67.62,73.02,77.06
60.62,60.62,69.24,74.83,84.44
58.18,58.18,70.01,84.22,81.14
52.94,52.94,69.77,83.88,81.55
56.03,56.03,67.82,78.03,79.35
56.26,56.26,65.75,78.45,77.49
57.66,57.66,63.96,79.47,78.05
58.40,58.40,65.74,80.64,78.01
62.10,62.10,64.80,77.11,77.53
62.42,62.42,64.52,79.78,76.63
61.58,61.58,64.78,77.67,77.47
62.51,62.51,64.70,79.89,76.31
63.65,63.65,63.50,77.68,77.29
62.51,62.51,62.22,79.12,77.36
63.14,63.14,61.14,79.05,76.75
63.28,63.28,60.52,78.14,76.41
63.40,63.40,59.92,75.20,76.73
63.30,63.30,59.87,78.98,75.14
61.73,61.73,58.55,78.01,77.95
60.46,60.46,55.81,77.02,74.98
60.22,60.22,56.32,77.56,75.89
59.89,59.89,56.02,76.62,74.95
56.24,56.24,52.89,77.55,75.59
56.48,56.48,51.69,75.77,73.92
58.07,58.07,53.04,76.71,75.08
61.77,61.77,52.53,77.33,74.79
62.99,62.99,49.29,76.09,75.31
63.29,63.29,48.66,75.22,73.64
63.80,63.80,49.89,76.80,74.77
60.99,60.99,52.96,76.47,75.38
61.40,61.40,52.12,75.98,74.88
61.12,61.12,52.10,74.33,75.00
63.38,63.38,53.94,74.65,78.36
61.52,61.52,53.45,75.64,77.38
61.61,61.61,51.40,74.17,76.82
62.41,62.41,48.00,74.27,78.07
61.82,61.82,44.46,74.20,75.31
62.35,62.35,35.87,73.84,76.72
62.45,62.45,36.29,74.37,75.12
60.10,60.10,35.12,73.66,76.99
59.59,59.59,34.00,73.78,76.49
59.23,59.23,35.39,73.71,75.20
62.16,62.16,44.66,72.54,74.51
65.05,65.05,51.46,71.26,75.97
68.56,68.56,48.50,73.38,74.91
69.08,69.08,45.46,72.93,76.19
68.23,68.23,42.45,72.27,75.96
65.30,65.30,41.92,71.28,74.51
66.91,66.91,42.08,72.28,71.12
68.29,68.29,41.95,73.27,75.49
67.75,67.75,51.64,71.71,73.19
68.91,68.91,57.56,70.07,74.71
69.88,69.88,74.65,67.19,76.40
70.95,70.95,74.76,67.40,76.07
72.35,72.35,78.62,70.80,73.38
72.52,72.52,79.01,70.19,74.47
73.02,73.02,77.36,64.49,71.29
73.11,73.11,76.62,68.97,74.50
72.98,72.98,77.12,69.51,69.93
73.51,73.51,76.42,69.05,71.61
74.04,74.04,76.07,70.35,70.37
73.98,73.98,74.77,71.68,72.07
74.49,74.49,73.75,70.00,73.04
76.26,76.26,73.26,68.63,74.50
76.14,76.14,72.75,69.73,76.07
74.88,74.88,70.91,72.35,73.63
75.10,75.10,71.47,70.27,73.11
77.17,77.17,71.60,67.84,73.29
76.54,76.54,71.29,68.78,74.95
76.90,76.90,69.83,70.99,72.52
76.51,76.51,69.56,70.52,73.87
77.17,77.17,69.32,68.73,74.72
77.24,77.24,69.19,67.99,71.92
77.10,77.10,69.08,68.94,74.89
76.44,76.44,67.13,69.18,69.88
76.37,76.37,66.40,68.99,73.24
74.28,74.28,65.15,69.04,72.19
75.66,75.66,64.91,68.46,73.30
74.20,74.20,63.80,69.43,72.08
73.33,73.33,60.62,66.73,70.07
74.93,74.93,63.91,72.41,69.77
72.43,72.43,70.84,76.77,69.71
70.89,70.89,72.35,75.44,70.01
68.82,68.82,72.01,66.36,69.40
66.92,66.92,72.63,73.83,69.56
70.19,70.19,71.70,66.53,68.65
71.95,71.95,71.58,72.18,67.67
71.53,71.53,70.74,68.55,69.48
70.82,70.82,70.97,69.99,69.90
72.21,72.21,70.17,67.38,70.11
72.21,72.21,69.73,66.07,77.89
70.77,70.77,68.04,71.26,82.76
70.86,70.86,67.45,86.64,80.72
74.21,74.21,68.03,86.80,82.34
70.89,70.89,69.10,83.06,84.03
67.13,67.13,70.04,82.10,82.40
70.78,70.78,70.57,76.83,83.70
67.40,67.40,69.68,79.07,79.68
72.47,72.47,70.13,78.45,81.83
61.50,61.50,69.27,76.81,80.09
73.04,73.04,68.56,75.80,81.40
74.34,74.34,70.02,75.12,77.54
66.34,66.34,69.18,72.87,81.77
61.02,61.02,68.86,72.75,76.25
65.72,65.72,67.92,71.95,80.06
71.47,71.47,68.06,73.71,77.42
73.05,73.05,66.05,71.69,80.12
71.97,71.97,64.64,70.06,76.71
71.70,71.70,63.56,72.36,77.09
72.45,72.45,62.41,71.11,76.82
72.91,72.91,60.20,70.58,82.67
73.08,73.08,57.35,71.53,75.33
74.42,74.42,55.78,68.79,78.81
73.53,73.53,61.70,65.89,77.29
72.63,72.63,61.94,65.52,77.64
74.62,74.62,63.22,61.28,78.57
75.55,75.55,63.21,55.95,78.66
73.30,73.30,64.52,59.43,76.58
64.91,64.91,66.34,61.93,78.38
70.36,70.36,66.39,64.59,76.18
77.86,77.86,65.10,64.85,77.96
77.89,77.89,65.30,64.70,79.18
76.67,76.67,63.61,65.44,77.16
78.57,78.57,61.88,63.87,80.00
78.66,78.66,59.55,59.42,76.49
77.87,77.87,59.17,60.93,79.07
76.14,76.14,62.18,60.10,77.70
75.91,75.91,59.72,59.85,79.84
75.49,75.49,59.13,58.77,74.05
74.22,74.22,59.05,58.24,80.16
73.69,73.69,58.46,58.41,77.69
73.29,73.29,58.56,56.89,79.55
75.40,75.40,56.43,57.19,78.48
75.42,75.42,57.70,57.85,78.36
73.38,73.38,59.09,56.46,75.11
67.42,67.42,60.50,57.83,75.96
66.49,66.49,60.72,57.93,72.20
63.09,63.09,60.32,57.72,78.18
65.58,65.58,60.95,58.24,74.57
66.03,66.03,59.96,61.37,75.82
74.59,74.59,57.60,61.11,78.35
75.40,75.40,58.99,59.68,74.97
74.44,74.44,59.72,59.54,74.19
72.77,72.77,56.39,59.84,77.93
68.96,68.96,55.97,58.43,74.90
68.64,68.64,54.89,58.65,78.69
72.28,72.28,52.57,60.69,75.52
74.60,74.60,53.94,62.48,75.90
74.69,74.69,51.01,61.84,77.15
73.65,73.65,49.65,62.26,75.16
72.48,72.48,49.19,60.64,75.84
73.01,73.01,47.56,59.17,77.80
73.20,73.20,50.34,58.65,77.76
73.64,73.64,56.81,59.69,80.31
71.38,71.38,55.71,57.83,78.32
67.23,67.23,52.66,56.32,77.85
61.59,61.59,48.56,53.89,76.75
61.42,61.42,48.38,58.13,77.82
67.43,67.43,43.72,59.07,75.12
70.40,70.40,40.81,60.57,77.93
70.03,70.03,40.11,59.44,79.52
69.81,69.81,38.39,55.20,76.46
71.47,71.47,36.45,51.01,76.14
68.50,68.50,37.43,46.56,74.12
68.95,68.95,42.16,50.69,78.62
66.41,66.41,40.65,51.06,76.31
62.00,62.00,38.85,51.79,76.80
66.03,66.03,38.31,54.37,75.12
60.66,60.66,43.17,53.72,75.83
61.16,61.16,37.05,53.99,75.92
60.28,60.28,39.33,55.28,74.21
60.56,60.56,44.00,60.49,75.11
61.08,61.08,47.67,72.06,72.59
62.24,62.24,50.46,86.29,71.02
60.64,60.64,50.68,84.64,73.85
58.12,58.12,50.65,82.92,72.47
56.27,56.27,49.16,75.17,72.49
54.77,54.77,49.22,75.75,69.97
55.56,55.56,50.92,75.77,75.15
64.05,64.05,56.14,75.73,69.40
75.99,75.99,56.79,75.36,76.58
77.95,77.95,53.81,72.35,71.93
77.76,77.76,52.15,72.69,74.60
76.00,76.00,55.46,81.49,79.16
75.54,75.54,58.05,83.13,75.38
76.70,76.70,55.80,79.17,76.34
76.86,76.86,55.18,78.16,75.23
76.52,76.52,52.37,80.13,74.38
77.35,77.35,49.82,80.96,76.73
77.39,77.39,49.88,79.04,75.68
77.36,77.36,49.59,78.38,74.62
77.81,77.81,48.61,80.61,75.11
77.65,77.65,46.86,77.88,73.70
77.84,77.84,50.07,80.68,73.05
78.10,78.10,51.25,77.83,74.18
77.85,77.85,54.95,78.91,73.30
78.23,78.23,55.57,78.16,72.94
78.55,78.55,52.66,76.99,75.04
77.49,77.49,52.23,78.55,72.29
77.16,77.16,54.23,77.04,71.28
77.45,77.45,57.20,76.67,71.87
77.88,77.88,57.54,78.27,72.48
79.05,79.05,56.00,75.42,72.04
78.85,78.85,55.54,75.53,71.96
78.58,78.58,55.40,77.34,72.65
78.21,78.21,54.23,76.01,72.33
77.73,77.73,46.46,77.05,72.18
77.43,77.43,45.53,75.66,70.43
77.83,77.83,49.87,75.76,70.16
78.07,78.07,46.62,76.42,69.49
78.11,78.11,41.81,75.25,66.38
78.59,78.59,39.09,75.00,72.14
78.41,78.41,40.66,76.31,71.02
78.38,78.38,49.89,75.09,72.69
78.05,78.05,54.08,74.43,74.63
78.28,78.28,52.97,74.97,74.42
78.28,78.28,48.64,75.10,75.53
78.42,78.42,44.67,75.29,72.36
76.31,76.31,38.89,73.76,75.09
73.15,73.15,35.29,73.94,72.94
73.83,73.83,37.61,74.42,74.85
79.07,79.07,43.66,73.84,72.97
75.55,75.55,45.05,73.10,71.44
76.16,76.16,46.13,72.75,74.05
78.24,78.24,52.29,73.59,74.49
77.83,77.83,51.70,73.91,74.54
77.44,77.44,47.06,72.32,75.00
78.31,78.31,40.51,72.64,74.82
79.25,79.25,35.90,72.81,73.59
80.15,80.15,37.36,72.23,73.03
79.31,79.31,39.59,70.97,73.16
78.45,78.45,44.84,72.42,72.26
79.16,79.16,53.45,72.24,72.28
77.33,77.33,61.74,81.82,69.29
76.57,76.57,54.49,84.65,73.28
75.79,75.79,64.10,82.95,70.32
75.33,75.33,66.54,75.66,67.36
75.01,75.01,68.92,77.01,69.66
75.45,75.45,67.12,76.65,69.67
76.72,76.72,65.38,74.51,69.23
76.06,76.06,64.53,76.37,68.79
75.50,75.50,63.83,75.96,68.47
76.98,76.98,63.62,74.75,69.26
73.53,73.53,63.85,74.18,71.47
75.98,75.98,65.91,73.90,73.34
74.51,74.51,66.14,74.59,73.86
76.05,76.05,65.23,71.28,75.29
74.33,74.33,63.74,72.29,76.02
73.95,73.95,63.92,70.80,74.19
72.92,72.92,67.68,69.45,75.15
73.87,73.87,63.67,70.35,75.22
75.51,75.51,63.47,70.56,73.46
77.97,77.97,63.78,68.97,73.30
73.08,73.08,62.85,65.99,73.51
78.10,78.10,60.16,62.72,73.98
71.58,71.58,64.53,61.29,72.43
74.75,74.75,61.58,61.49,72.84
75.68,75.68,62.98,64.53,71.73
69.59,69.59,56.87,68.12,71.79
77.43,77.43,60.16,67.44,68.46
73.16,73.16,62.64,64.79,68.46
75.41,75.41,66.82,64.50,70.08
72.41,72.41,77.07,72.10,67.15
74.94,74.94,74.42,69.33,67.92
72.55,72.55,72.70,65.03,73.07
72.24,72.24,71.11,61.20,71.36
72.11,72.11,74.57,62.78,72.42
72.89,72.89,74.10,64.82,70.82
70.62,70.62,71.89,62.56,75.53
71.20,71.20,70.90,62.68,76.50
70.66,70.66,69.98,59.98,78.56
71.90,71.90,68.17,62.16,75.71
73.04,73.04,68.51,59.81,78.75
69.80,69.80,63.30,66.01,78.96
68.74,68.74,75.47,80.08,80.34
73.49,73.49,74.89,83.72,82.37
68.54,68.54,78.06,73.53,78.60
69.78,69.78,77.10,73.59,77.58
74.08,74.08,76.31,75.91,80.67
62.27,62.27,74.31,76.61,81.87
69.33,69.33,75.24,75.81,81.77
70.62,70.62,74.87,75.77,80.76
63.93,63.93,73.80,77.29,80.31
70.09,70.09,72.75,76.55,78.76
67.12,67.12,72.79,73.87,78.76
66.25,66.25,71.52,75.70,80.12
67.42,67.42,70.59,73.78,79.77
65.90,65.90,71.07,73.40,77.83
67.12,67.12,70.53,75.24,78.60
68.91,68.91,69.47,76.60,78.17
66.68,66.68,68.06,77.18,80.16
65.71,65.71,66.85,76.76,77.66
61.81,61.81,67.88,74.95,78.06
60.65,60.65,68.59,75.13,78.12
63.74,63.74,68.36,74.00,76.06
64.28,64.28,65.63,72.87,76.89
64.49,64.49,64.71,72.49,75.11
66.10,66.10,65.52,73.47,73.93
59.64,59.64,67.03,72.90,73.62
63.06,63.06,66.73,70.80,75.44
62.18,62.18,65.18,69.90,73.96
59.83,59.83,63.03,69.37,74.64
64.64,64.64,60.57,68.83,74.93
63.75,63.75,58.20,66.88,75.24
59.70,59.70,63.03,67.37,76.63
62.21,62.21,64.19,64.39,77.29
58.67,58.67,61.41,65.14,75.08
59.81,59.81,56.17,60.89,76.66
62.63,62.63,55.16,61.24,78.43
64.23,64.23,54.50,57.57,77.68
66.04,66.04,56.27,60.03,78.25
70.94,70.94,58.75,63.52,76.13
67.15,67.15,55.24,61.56,75.31
66.01,66.01,53.30,64.78,77.46
68.82,68.82,54.55,67.05,74.29
70.05,70.05,55.65,66.73,75.64
71.29,71.29,54.99,66.26,75.83
73.87,73.87,52.52,66.04,74.86
74.20,74.20,48.97,66.27,74.95
73.34,73.34,46.64,67.14,75.83
75.31,75.31,45.97,64.86,74.54
73.45,73.45,45.35,66.90,75.56
73.76,73.76,47.67,65.61,74.22
75.87,75.87,49.40,67.52,74.96
76.57,76.57,46.91,66.96,75.78
75.09,75.09,47.82,66.54,74.97
75.10,75.10,47.75,67.51,75.32
76.33,76.33,47.83,65.13,76.10
77.11,77.11,47.76,65.58,76.83
76.98,76.98,46.06,63.44,74.26
76.92,76.92,46.03,63.33,74.99
76.74,76.74,45.81,63.36,73.22
76.96,76.96,46.96,62.28,72.68
75.49,75.49,48.72,61.97,73.25
75.18,75.18,54.26,61.31,72.85
75.98,75.98,56.58,59.96,75.70
75.37,75.37,54.58,58.04,74.24
73.68,73.68,51.95,57.21,77.50
75.42,75.42,48.24,56.41,77.91
76.89,76.89,45.50,49.20,76.77
75.83,75.83,44.81,59.07,76.19
74.35,74.35,45.15,61.35,76.29
75.52,75.52,44.46,61.76,76.77
77.71,77.71,49.80,56.87,76.81
79.60,79.60,47.74,56.98,75.46
78.86,78.86,46.18,53.18,72.35
76.14,76.14,45.27,57.64,75.75
75.25,75.25,45.19,52.63,69.55
76.35,76.35,43.66,53.58,73.45
76.72,76.72,40.59,50.97,75.03
75.03,75.03,43.23,53.38,71.51
77.39,77.39,51.48,58.22,71.16
78.82,78.82,49.48,64.15,71.63
76.19,76.19,67.01,78.32,71.03
73.77,73.77,73.67,73.67,71.92
71.08,71.08,75.98,86.38,74.60
72.19,72.19,75.15,86.34,73.19
76.65,76.65,74.39,76.13,69.99
79.68,79.68,74.00,77.76,67.18
79.39,79.39,74.05,78.38,68.98
77.62,77.62,74.48,73.69,70.06
73.77,73.77,72.66,74.78,71.26
74.45,74.45,70.27,76.17,75.35
73.33,73.33,69.93,74.94,78.75
71.66,71.66,70.21,82.36,80.30
70.75,70.75,67.96,81.43,80.78
71.04,71.04,66.69,83.07,78.11
68.87,68.87,62.73,84.42,78.53
70.05,70.05,62.37,81.08,77.95
69.53,69.53,61.77,86.27,77.29
69.40,69.40,60.78,83.83,77.08
71.43,71.43,59.87,80.62,77.37
72.74,72.74,57.49,84.84,78.25
73.30,73.30,57.85,83.34,80.94
74.18,74.18,55.01,83.17,80.33
74.02,74.02,55.38,82.17,80.51
73.33,73.33,55.55,83.06,78.00
72.52,72.52,54.65,84.06,76.78
72.19,72.19,53.97,80.27,75.99
70.92,70.92,52.57,83.24,74.61
72.31,72.31,52.67,82.74,76.18
72.56,72.56,52.19,80.55,73.75
73.45,73.45,51.09,82.25,76.23
71.68,71.68,50.18,81.15,76.47
75.03,75.03,49.73,82.28,77.84
74.88,74.88,54.71,80.15,77.47
72.86,72.86,55.40,81.23,71.75
67.98,67.98,55.25,82.82,70.59
72.00,72.00,52.78,79.82,74.18
77.12,77.12,53.02,81.73,76.27
77.28,77.28,51.33,80.38,77.67
75.65,75.65,50.80,80.86,78.35
75.05,75.05,50.64,80.50,75.21
75.32,75.32,51.05,80.13,76.75
74.79,74.79,52.69,81.13,77.80
75.22,75.22,55.89,79.46,78.75
75.22,75.22,55.84,80.22,77.52
73.68,73.68,53.46,80.23,76.84
71.71,71.71,51.08,79.21,75.61
70.62,70.62,49.20,80.26,74.93
71.37,71.37,47.65,78.24,75.15
74.48,74.48,47.56,79.21,75.35
75.19,75.19,48.14,78.21,76.01
73.68,73.68,48.52,77.71,72.38
67.13,67.13,48.53,78.35,75.89
63.79,63.79,50.36,76.57,72.86
70.49,70.49,54.17,78.06,74.12
73.92,73.92,51.81,76.11,73.09
76.26,76.26,47.84,75.54,72.29
76.63,76.63,48.43,76.83,73.27
75.30,75.30,47.22,75.11,72.04
72.48,72.48,45.25,75.49,74.14
72.10,72.10,44.32,73.78,74.14
75.04,75.04,45.09,74.62,72.96
75.22,75.22,45.94,73.84,72.09
74.64,74.64,43.91,72.24,73.30
73.97,73.97,44.99,73.50,71.49
72.54,72.54,44.26,71.75,73.21
67.80,67.80,43.24,72.33,70.89
63.83,63.83,44.36,71.28,70.30
63.79,63.79,43.00,70.21,71.22
65.01,65.01,40.40,71.50,69.46
56.79,56.79,40.64,69.24,69.72
60.03,60.03,39.75,70.55,74.65
69.53,69.53,44.93,69.34,77.20
71.30,71.30,55.38,68.90,74.97
71.25,71.25,57.21,67.52,75.98
70.10,70.10,54.12,64.20,73.96
69.14,69.14,50.58,65.45,75.66
66.82,66.82,47.76,62.84,71.78
69.82,69.82,45.11,60.85,74.79
73.16,73.16,42.80,64.48,72.71
72.81,72.81,40.76,61.91,70.90
68.57,68.57,40.63,64.44,71.47
70.94,70.94,39.88,62.15,71.86
71.62,71.62,39.34,61.92,72.06
71.81,71.81,38.60,60.57,73.60
67.10,67.10,40.79,58.44,73.26
62.02,62.02,39.96,57.50,73.40
59.92,59.92,38.42,53.93,72.54
69.44,69.44,38.33,55.49,72.41
73.22,73.22,38.91,57.28,69.16
75.91,75.91,38.55,56.23,72.08
76.45,76.45,44.35,58.09,73.39
74.79,74.79,49.89,53.04,74.57
75.31,75.31,49.73,54.35,73.53
77.32,77.32,49.98,53.72,71.32
77.33,77.33,48.80,52.88,75.29
75.41,75.41,50.69,50.99,75.21
75.22,75.22,49.00,41.52,73.83
75.82,75.82,47.76,50.80,71.86
78.18,78.18,50.64,52.49,73.71
78.82,78.82,49.83,55.57,74.52
76.12,76.12,48.33,54.90,73.98
75.34,75.34,49.61,58.46,78.18
75.15,75.15,55.74,80.92,79.54
74.55,74.55,55.15,84.91,79.75
74.61,74.61,53.32,84.63,79.75
75.67,75.67,52.71,74.01,79.03
77.96,77.96,51.57,77.11,77.58
79.42,79.42,50.61,77.70,79.47
77.23,77.23,50.18,70.96,76.62
70.85,70.85,48.66,75.87,77.10
68.12,68.12,48.07,72.60,78.33
73.03,73.03,46.48,71.89,79.05
74.72,74.72,45.65,73.60,77.15
74.18,74.18,46.78,72.14,75.94
69.08,69.08,45.48,71.49,77.61
71.26,71.26,44.28,71.08,77.02
77.51,77.51,43.53,69.58,76.62
78.83,78.83,42.86,69.75,78.25
78.08,78.08,41.66,67.89,75.27
71.10,71.10,42.10,67.98,77.52
68.13,68.13,41.68,67.92,74.92
76.45,76.45,42.23,68.78,77.87
78.69,78.69,44.02,70.15,77.14
78.65,78.65,45.02,68.37,76.13
77.75,77.75,44.76,65.98,76.25
74.54,74.54,43.80,66.25,72.70
72.53,72.53,41.94,63.89,75.11
79.07,79.07,42.69,63.17,73.28
81.84,81.84,41.98,64.09,76.34
81.05,81.05,44.39,62.52,73.48
78.91,78.91,47.08,62.69,75.94
77.16,77.16,49.84,61.32,74.31
76.66,76.66,52.33,62.76,76.75
77.28,77.28,57.80,61.19,76.66
77.72,77.72,57.57,62.39,77.00
77.48,77.48,54.18,60.29,75.65
77.97,77.97,52.85,62.82,76.08
79.59,79.59,49.91,62.19,76.32
80.53,80.53,47.54,58.38,75.87
80.52,80.52,47.66,59.51,75.70
79.76,79.76,48.27,59.64,73.20
78.19,78.19,44.80,59.82,73.13
76.39,76.39,44.86,58.93,71.63
76.26,76.26,45.89,62.00,74.25
77.44,77.44,46.82,61.03,73.31
77.68,77.68,46.59,59.63,71.83
75.81,75.81,46.27,59.32,71.67
71.75,71.75,45.36,59.94,73.21
67.81,67.81,47.34,61.18,74.23
66.21,66.21,45.50,57.78,71.55
63.43,63.43,46.44,58.38,71.60
66.38,66.38,47.42,57.92,70.45
70.49,70.49,50.26,60.44,72.49
73.33,73.33,52.00,59.36,73.34
72.84,72.84,52.79,57.43,71.50
74.55,74.55,50.84,58.64,73.47
78.96,78.96,49.63,55.88,71.74
79.49,79.49,47.46,54.98,73.00
74.17,74.17,46.69,52.30,73.09
75.16,75.16,46.53,52.97,72.11
80.36,80.36,46.14,52.43,71.13
75.97,75.97,44.46,53.43,73.70
69.89,69.89,48.22,49.54,73.33
75.18,75.18,56.33,50.04,75.62
64.90,64.90,55.57,42.80,74.76
73.30,73.30,51.31,52.24,76.68
68.80,68.80,48.69,39.57,76.58
72.63,72.63,45.84,47.35,75.20
75.53,75.53,43.75,49.53,76.22
76.21,76.21,42.54,48.47,77.72
76.21,76.21,43.10,47.15,76.18
75.07,75.07,43.23,50.25,75.52
73.54,73.54,40.80,45.42,74.96
71.92,71.92,42.93,46.40,75.88
71.21,71.21,45.79,41.59,75.25
71.13,71.13,43.44,43.72,75.72
67.81,67.81,41.74,43.27,73.16
61.66,61.66,40.21,41.34,72.29
70.22,70.22,40.62,40.02,70.71
74.42,74.42,38.24,45.92,74.64
73.96,73.96,40.09,46.39,73.13
61.50,61.50,49.91,56.80,70.96
66.00,66.00,58.02,64.94,70.82
70.86,70.86,65.11,84.39,73.52
67.44,67.44,72.77,87.48,71.43
62.36,62.36,74.73,76.82,68.70
65.17,65.17,74.37,76.02,71.44
70.30,70.30,73.92,77.39,70.10
66.60,66.60,72.76,77.98,71.28
67.52,67.52,72.53,72.86,70.78
69.65,69.65,71.69,71.91,68.44
70.34,70.34,70.84,70.43,72.41
69.87,69.87,68.19,62.49,69.36
70.64,70.64,67.36,82.16,74.49
66.84,66.84,69.33,85.23,74.33
68.91,68.91,67.65,82.41,77.51
71.25,71.25,68.43,76.34,74.16
68.30,68.30,67.96,77.51,77.75
69.04,69.04,65.37,79.79,76.88
70.42,70.42,60.94,73.07,77.25
72.91,72.91,62.53,73.83,78.60
75.85,75.85,65.34,73.92,77.60
71.20,71.20,64.86,73.59,75.79
69.38,69.38,61.22,71.81,76.93
71.35,71.35,60.06,70.44,76.57
71.15,71.15,57.59,67.19,77.30
70.81,70.81,58.77,68.93,77.29
71.49,71.49,59.88,64.29,75.58
71.72,71.72,57.96,70.78,76.66
73.81,73.81,55.77,70.45,76.29
74.80,74.80,55.05,67.64,74.81
76.36,76.36,53.88,65.63,75.41
74.04,74.04,51.33,69.59,73.72
75.61,75.61,50.79,70.87,72.72
76.45,76.45,54.29,68.70,70.69
78.65,78.65,53.71,65.28,73.50
80.48,80.48,51.86,64.83,71.40
78.71,78.71,48.29,68.67,69.66
78.53,78.53,43.93,65.84,69.89
77.98,77.98,47.97,67.83,71.82
76.27,76.27,50.90,67.07,72.00
76.62,76.62,52.79,63.90,72.09
73.23,73.23,58.97,58.76,73.05
74.43,74.43,71.40,84.32,72.10
77.80,77.80,72.16,88.24,73.75
79.04,79.04,75.00,85.90,75.54
78.80,78.80,76.17,79.67,75.30
78.96,78.96,74.92,74.52,73.09
79.89,79.89,74.08,70.91,73.78
78.43,78.43,74.94,72.97,72.46
78.76,78.76,74.64,75.84,73.62
79.95,79.95,74.62,75.29,72.44
81.54,81.54,74.22,74.55,72.80
81.78,81.78,74.00,72.17,71.03
80.95,80.95,73.45,66.64,73.15
79.93,79.93,71.13,64.22,71.98
78.31,78.31,70.58,65.58,72.27
76.45,76.45,69.95,70.46,73.36
79.31,79.31,68.53,72.04,70.43
80.60,80.60,68.67,70.75,70.14
81.89,81.89,68.37,69.98,69.67
81.61,81.61,67.35,71.20,72.25
80.47,80.47,67.41,71.73,72.23
80.64,80.64,67.58,72.84,70.37
80.85,80.85,67.80,70.59,69.42
80.57,80.57,68.19,68.28,67.58
81.07,81.07,67.92,66.71,68.57
80.60,80.60,68.01,65.71,68.71
80.38,80.38,65.89,66.09,70.76
80.23,80.23,65.62,67.88,66.42
77.98,77.98,65.73,65.74,67.22
72.73,72.73,62.10,62.29,66.36
72.24,72.24,61.19,65.97,68.85
77.32,77.32,74.41,80.21,75.46
77.90,77.90,71.50,87.21,76.61
75.20,75.20,70.07,84.47,75.89
75.71,75.71,69.68,72.35,75.50
73.70,73.70,67.15,74.85,75.58
72.23,72.23,66.31,78.11,76.72
70.75,70.75,67.30,77.52,74.95
75.22,75.22,69.61,78.74,77.76
79.46,79.46,67.32,76.35,76.65
80.46,80.46,66.60,73.32,76.77
79.85,79.85,65.80,73.40,74.95
78.05,78.05,66.80,74.41,73.06
76.83,76.83,68.21,74.92,73.34
78.30,78.30,69.53,73.61,74.29
80.25,80.25,69.07,70.13,74.84
78.79,78.79,69.41,66.89,74.95
77.69,77.69,68.48,68.33,74.23
80.08,80.08,70.06,64.49,73.53
78.13,78.13,68.35,63.75,75.15
76.89,76.89,78.57,67.56,74.13
74.96,74.96,79.95,63.25,74.53
77.30,77.30,79.15,60.86,74.22
77.87,77.87,77.11,59.24,74.68
76.48,76.48,76.89,58.83,74.52
75.40,75.40,75.34,58.57,72.68
76.61,76.61,75.61,53.89,73.21
77.77,77.77,76.13,49.46,73.06
78.37,78.37,75.18,57.59,73.37
77.01,77.01,72.66,61.91,71.63
75.79,75.79,71.89,63.45,72.28
79.40,79.40,67.20,76.39,78.48
82.44,82.44,72.03,86.23,76.12
83.64,83.64,72.72,83.08,76.59
83.71,83.71,70.19,81.91,80.56
81.87,81.87,71.72,80.57,80.46
81.02,81.02,72.29,77.83,76.40
81.30,81.30,72.12,75.99,79.34
79.88,79.88,70.94,75.92,77.89
79.19,79.19,70.36,74.59,81.85
79.59,79.59,69.14,72.88,77.16
77.84,77.84,71.19,72.73,77.48
75.31,75.31,71.31,73.32,78.89
76.75,76.75,71.05,72.10,78.49
78.44,78.44,69.63,72.02,76.93
77.89,77.89,66.94,71.24,78.37
77.33,77.33,66.05,70.04,76.51
77.70,77.70,65.70,69.40,78.99
77.27,77.27,64.26,65.18,74.51
76.39,76.39,65.11,65.73,78.53
76.16,76.16,62.52,68.26,77.05
76.31,76.31,62.20,68.06,78.74
75.16,75.16,63.45,68.68,77.02
75.90,75.90,66.56,70.23,79.54
74.17,74.17,66.17,70.10,76.66
68.10,68.10,66.64,68.82,77.97
74.33,74.33,64.54,67.51,76.21
78.83,78.83,63.44,67.81,76.73
80.22,80.22,64.76,68.29,75.78
80.79,80.79,64.26,68.72,76.86
79.78,79.78,61.31,69.98,76.05
77.88,77.88,60.82,70.37,76.04
76.49,76.49,60.58,68.41,77.49
76.94,76.94,60.37,68.45,75.57
76.32,76.32,57.50,69.36,78.07
71.74,71.74,56.65,69.88,74.96
69.92,69.92,56.06,70.18,75.31
71.06,71.06,54.84,70.26,74.07
72.38,72.38,54.24,69.42,75.60
74.20,74.20,53.06,69.51,74.69
77.74,77.74,52.61,69.88,75.82
79.14,79.14,51.38,70.11,77.26
79.15,79.15,48.17,69.25,77.45
79.70,79.70,47.88,68.71,74.88
80.81,80.81,47.39,67.90,77.22
82.23,82.23,45.25,66.46,80.00
79.93,79.93,46.95,66.64,75.63
78.62,78.62,48.18,67.27,75.28
75.53,75.53,47.14,67.09,74.61
73.89,73.89,46.90,66.10,73.17
68.64,68.64,47.67,64.12,74.67
71.57,71.57,47.17,65.11,73.79
60.37,60.37,52.38,65.09,73.94
66.11,66.11,51.25,65.50,74.37
69.85,69.85,50.09,64.22,70.88
70.45,70.45,50.76,64.30,75.70
68.15,68.15,48.13,62.25,73.02
68.16,68.16,46.65,60.11,74.14
72.98,72.98,46.70,58.82,74.89
73.70,73.70,46.86,57.77,75.02
74.50,74.50,47.57,55.76,75.88
72.08,72.08,50.57,56.99,75.06
72.73,72.73,56.37,57.10,73.95
70.91,70.91,56.97,56.97,74.99
65.15,65.15,54.77,57.63,73.45
69.12,69.12,49.86,55.22,74.21
72.50,72.50,46.83,56.40,75.40
66.21,66.21,43.25,51.87,74.85
70.62,70.62,43.53,49.59,72.64
67.30,67.30,42.64,55.42,72.69
65.20,65.20,41.32,55.54,71.65
63.66,63.66,40.05,53.88,73.58
61.38,61.38,39.57,54.27,74.27
57.93,57.93,43.69,56.95,75.23
55.49,55.49,44.22,60.60,73.84
63.58,63.58,43.07,58.39,75.09
59.74,59.74,42.47,56.10,74.00
60.61,60.61,39.94,51.70,73.78
62.56,62.56,38.35,54.26,72.26
65.76,65.76,43.10,52.98,76.52
56.74,56.74,51.69,52.17,72.41
63.36,63.36,62.63,49.48,74.19
62.87,62.87,75.13,70.96,72.75
65.73,65.73,72.70,79.95,71.85
62.30,62.30,67.37,81.65,69.29
59.43,59.43,68.17,73.61,72.57
61.29,61.29,73.16,73.47,70.84
60.52,60.52,73.33,74.69,70.32
52.78,52.78,70.62,73.42,73.54
56.11,56.11,71.34,72.85,73.19
54.42,54.42,72.53,71.27,71.97
53.90,53.90,73.44,68.55,85.39
61.94,61.94,74.49,76.10,85.65
62.11,62.11,75.03,81.74,85.54
54.34,54.34,72.73,82.20,84.93
56.28,56.28,70.40,76.77,83.44
58.07,58.07,66.87,75.48,82.32
62.95,62.95,69.50,79.74,83.19
64.14,64.14,69.15,75.36,82.22
65.65,65.65,68.18,77.92,80.45
67.62,67.62,68.01,76.76,81.36
67.92,67.92,68.08,78.05,79.67
69.21,69.21,64.12,78.75,78.81
69.98,69.98,61.94,76.71,79.54
71.70,71.70,61.88,77.50,79.45
72.78,72.78,64.11,79.15,77.88
74.46,74.46,65.19,77.67,77.43
75.37,75.37,64.12,76.97,77.60
75.55,75.55,61.60,77.97,74.57
73.74,73.74,62.60,77.39,73.71
71.48,71.48,65.59,78.11,73.64
74.39,74.39,65.44,76.32,72.34
77.19,77.19,63.89,76.92,73.53
77.49,77.49,61.50,77.00,69.82
75.56,75.56,55.39,76.42,69.37
74.07,74.07,55.83,75.73,71.00
72.56,72.56,59.99,77.01,70.65
72.30,72.30,58.23,76.67,66.66
72.97,72.97,53.53,75.75,71.38
73.03,73.03,47.42,75.24,72.07
73.98,73.98,43.37,76.38,68.75
75.27,75.27,39.36,76.55,73.23
76.02,76.02,42.12,75.39,73.06
76.15,76.15,53.60,74.34,77.25
73.52,73.52,56.43,74.80,77.52
68.23,68.23,56.79,74.06,73.82
70.40,70.40,54.50,73.33,76.83
74.56,74.56,54.47,73.49,77.29
75.03,75.03,52.24,73.82,72.91
76.09,76.09,50.84,74.32,74.08
76.33,76.33,48.19,73.42,75.46
75.81,75.81,48.10,74.05,76.07
71.20,71.20,48.42,73.89,74.95
69.38,69.38,49.75,72.98,74.10
70.87,70.87,55.69,71.89,75.18
71.68,71.68,50.08,72.33,73.97
66.79,66.79,46.22,72.55,72.22
72.70,72.70,41.83,72.84,73.77
77.18,77.18,38.27,71.71,74.91
79.83,79.83,36.47,71.51,72.57
79.94,79.94,39.88,72.92,71.61
79.14,79.14,53.10,71.38,69.62
78.43,78.43,62.77,69.10,71.79
77.11,77.11,75.76,66.20,72.39
75.69,75.69,77.32,64.92,70.21
71.91,71.91,78.59,68.20,72.23
65.24,65.24,77.66,67.38,69.34
73.43,73.43,76.17,67.36,71.23
77.80,77.80,74.62,69.13,70.02
78.48,78.48,75.23,68.50,67.44
75.80,75.80,75.12,68.57,69.07
65.94,65.94,74.96,68.85,72.25
76.80,76.80,72.71,71.09,74.51
73.02,73.02,72.78,69.50,73.17
72.91,72.91,73.11,67.19,74.66
69.99,69.99,72.38,66.88,74.18
71.36,71.36,70.54,69.24,75.42
74.02,74.02,68.41,70.28,72.71
74.74,74.74,65.62,67.71,71.64
74.19,74.19,68.64,67.02,75.32
73.21,73.21,68.01,68.38,70.23
71.68,71.68,66.60,69.25,72.77
69.20,69.20,66.64,68.65,74.24
67.50,67.50,65.54,69.09,72.30
66.09,66.09,65.97,68.54,71.31
66.62,66.62,67.24,69.42,74.01
69.29,69.29,66.99,68.63,70.84
71.57,71.57,65.85,69.64,71.72
72.76,72.76,64.22,70.83,72.97
66.41,66.41,64.60,69.56,71.16
63.57,63.57,62.44,67.67,71.73
70.11,70.11,70.82,65.90,71.73
72.19,72.19,78.52,69.04,68.72
67.78,67.78,77.63,66.83,70.02
66.10,66.10,75.81,69.18,70.79
71.70,71.70,75.08,70.56,69.41
65.66,65.66,74.82,66.15,70.63
67.14,67.14,75.08,69.56,69.42
69.73,69.73,74.18,68.35,72.93
67.90,67.90,74.60,66.72,78.31
66.95,66.95,73.16,63.05,79.10
65.72,65.72,74.05,64.25,81.47
62.77,62.77,70.88,73.09,83.29
59.59,59.59,75.72,84.14,82.25
57.00,57.00,72.92,85.10,79.28
59.50,59.50,74.17,82.81,84.03
58.36,58.36,74.66,80.17,80.47
59.49,59.49,74.28,74.54,81.79
56.34,56.34,71.67,75.10,79.27
56.05,56.05,72.96,75.83,81.80
60.91,60.91,70.66,76.66,79.38
54.71,54.71,70.02,72.18,81.18
55.97,55.97,69.77,73.43,78.77
60.47,60.47,68.40,72.07,79.32
60.42,60.42,70.32,70.25,76.61
59.65,59.65,67.18,69.80,79.57
60.32,60.32,68.79,70.27,76.14
62.44,62.44,65.89,70.38,76.78
62.25,62.25,65.17,69.40,77.02
66.29,66.29,64.73,70.51,76.99
67.40,67.40,62.72,70.14,76.25
65.45,65.45,62.83,69.80,77.38
67.52,67.52,61.72,70.17,78.17
68.37,68.37,59.68,67.90,77.84
66.63,66.63,61.51,64.73,79.47
70.61,70.61,64.27,65.74,73.13
71.19,71.19,63.56,64.17,77.46
70.26,70.26,62.55,64.21,76.57
70.10,70.10,62.23,65.77,79.91
68.56,68.56,64.47,64.94,74.91
69.32,69.32,67.72,63.57,78.76
70.83,70.83,66.85,65.38,73.08
72.17,72.17,62.85,65.88,80.40
72.93,72.93,65.14,64.48,74.61
74.49,74.49,63.36,65.55,79.86
74.53,74.53,62.58,65.17,77.21
73.91,73.91,60.41,65.73,78.22
73.80,73.80,59.72,65.27,76.85
74.12,74.12,59.98,63.47,79.01
74.63,74.63,55.96,60.45,77.74
74.94,74.94,55.66,59.92,78.97
74.16,74.16,54.75,58.42,73.03
74.24,74.24,53.93,61.59,75.87
75.84,75.84,53.55,63.27,77.93
76.49,76.49,54.50,64.10,76.74
76.09,76.09,51.34,62.85,79.02
74.33,74.33,50.93,62.71,71.30
75.26,75.26,48.78,63.42,75.92
76.23,76.23,49.41,64.10,75.23
77.12,77.12,48.60,64.32,79.31
75.97,75.97,46.01,64.88,75.07
73.23,73.23,44.57,65.24,77.01
72.32,72.32,44.89,64.95,72.74
74.60,74.60,45.91,64.03,76.38
76.03,76.03,49.22,63.59,74.16
75.09,75.09,49.62,62.71,75.16
73.86,73.86,47.49,61.23,74.26
73.23,73.23,46.92,60.21,77.70
75.17,75.17,45.72,59.11,69.35
77.40,77.40,43.31,60.72,75.04
78.22,78.22,43.84,59.38,73.60
77.96,77.96,42.56,58.19,74.04
77.37,77.37,44.05,58.75,74.84
73.78,73.78,48.38,59.79,75.53
69.31,69.31,56.00,57.88,76.32
75.15,75.15,57.04,59.07,78.23
76.87,76.87,53.42,58.67,78.60
74.74,74.74,51.58,58.81,77.60
70.02,70.02,47.86,53.75,73.89
65.04,65.04,46.43,47.62,75.57
68.53,68.53,45.16,52.25,77.35
67.21,67.21,44.15,55.86,73.60
68.24,68.24,41.96,54.56,74.56
69.22,69.22,41.82,49.89,76.25
71.94,71.94,41.76,49.56,74.94
72.94,72.94,42.62,44.40,75.10
73.49,73.49,40.03,47.30,75.30
72.68,72.68,40.86,53.64,76.59
72.26,72.26,41.56,54.69,73.65
71.10,71.10,42.71,52.19,72.39
69.37,69.37,41.03,55.26,75.85
70.52,70.52,38.15,51.88,73.36
72.00,72.00,41.98,57.20,72.79
72.31,72.31,45.74,69.24,72.78
67.94,67.94,43.45,84.88,73.24
67.61,67.61,39.41,85.32,70.03
73.09,73.09,37.58,81.88,72.39
74.28,74.28,36.19,75.93,72.99
68.94,68.94,36.05,76.19,74.71
56.62,56.62,35.86,74.70,69.69
62.42,62.42,35.49,74.95,71.89
65.16,65.16,36.03,73.85,71.56
63.39,63.39,37.47,70.27,72.04
64.13,64.13,49.53,70.14,73.26
63.19,63.19,56.97,83.64,85.25
64.29,64.29,58.66,86.94,82.89
60.71,60.71,57.54,80.91,80.58
61.98,61.98,56.88,73.77,81.72
61.86,61.86,54.57,80.87,80.70
58.92,58.92,52.06,80.21,79.21
61.65,61.65,49.04,74.88,82.41
61.33,61.33,46.10,74.91,81.03
57.15,57.15,44.52,75.09,76.09
58.35,58.35,43.17,75.41,77.78
61.98,61.98,39.43,74.82,82.15
61.70,61.70,38.70,72.45,79.18
56.38,56.38,38.07,72.02,76.93
59.06,59.06,37.07,72.25,78.28
59.27,59.27,34.41,70.58,80.61
57.56,57.56,34.55,72.39,77.67
57.00,57.00,33.48,71.45,78.75
58.49,58.49,31.81,68.03,78.83
58.16,58.16,32.55,70.19,77.65
55.85,55.85,31.99,71.01,78.42
54.99,54.99,31.04,70.02,78.59
58.08,58.08,33.82,68.66,77.67
55.76,55.76,42.71,68.09,71.48
55.92,55.92,48.49,70.19,75.56
56.11,56.11,45.76,70.00,75.89
54.25,54.25,42.19,67.81,72.70
58.39,58.39,39.58,69.24,74.08
59.52,59.52,38.02,69.68,74.98
61.20,61.20,38.13,68.07,73.05
66.02,66.02,40.69,70.97,76.16
66.04,66.04,49.53,79.05,76.85
63.68,63.68,55.10,78.78,71.43
67.12,67.12,52.52,81.19,78.46
66.75,66.75,48.44,82.17,77.11
59.72,59.72,42.46,84.46,72.60
66.11,66.11,37.26,81.57,76.35
68.29,68.29,33.98,81.51,80.52
63.59,63.59,32.11,82.15,74.43
63.59,63.59,30.46,80.52,74.45
69.59,69.59,34.28,82.02,77.75
68.42,68.42,34.31,78.92,77.56
61.86,61.86,30.98,80.86,72.82
66.13,66.13,27.79,80.05,75.27
70.77,70.77,27.50,78.71,78.53
67.85,67.85,27.50,80.39,77.54
65.71,65.71,36.69,78.17,74.53
71.79,71.79,34.37,79.16,77.56
73.16,73.16,35.94,76.68,78.33
70.50,70.50,47.14,77.46,73.37
71.56,71.56,57.77,77.44,74.27
73.83,73.83,70.55,72.18,75.62
71.43,71.43,74.57,78.30,69.80
73.19,73.19,75.53,84.20,74.01
74.26,74.26,78.05,79.24,74.90
66.71,66.71,76.60,82.03,72.28
71.44,71.44,72.36,78.21,72.63
70.38,70.38,72.54,81.17,72.33
74.48,74.48,75.50,77.37,72.72
75.36,75.36,75.38,77.96,73.94
71.51,71.51,71.95,76.23,67.07
76.09,76.09,72.08,75.26,75.92
74.74,74.74,74.03,76.55,74.76
66.79,66.79,71.86,76.76,75.25
73.63,73.63,69.64,75.21,76.88
71.17,71.17,71.92,73.86,75.15
77.04,77.04,71.05,72.94,76.08
74.51,74.51,66.42,74.87,75.55
69.34,69.34,67.67,73.91,75.33
79.21,79.21,68.86,73.47,76.59
76.70,76.70,68.37,70.82,74.40
68.81,68.81,65.81,71.73,73.71
75.26,75.26,65.12,71.62,74.27
79.44,79.44,67.03,70.29,74.45
79.01,79.01,66.45,68.96,75.30
76.41,76.41,64.98,68.81,73.97
79.83,79.83,64.03,69.26,73.82
80.35,80.35,64.08,69.77,73.44
78.11,78.11,64.01,68.41,75.24
80.29,80.29,64.13,68.72,75.60
78.16,78.16,72.48,72.99,75.02
74.17,74.17,76.93,65.91,73.30
75.96,75.96,75.64,80.68,70.97
77.50,77.50,74.02,79.63,71.16
75.99,75.99,74.90,75.37,72.32
78.07,78.07,76.70,80.01,73.61
76.58,76.58,75.49,77.62,71.94
76.58,76.58,74.69,75.20,75.13
75.78,75.78,73.84,80.23,76.59
75.13,75.13,74.58,76.80,78.24
75.52,75.52,70.45,72.94,77.29
78.69,78.69,66.36,70.87,75.56
79.33,79.33,72.40,74.27,78.12
78.98,78.98,75.02,78.36,79.55
79.22,79.22,75.01,82.60,79.10
77.33,77.33,73.73,81.16,79.40
76.40,76.40,73.29,81.32,80.13
75.19,75.19,71.67,75.53,78.98
74.62,74.62,70.13,78.97,80.69
78.91,78.91,68.55,78.88,80.69
77.58,77.58,66.57,77.59,78.85
76.91,76.91,65.24,76.66,77.98
75.11,75.11,65.26,75.68,77.58
72.38,72.38,64.20,79.12,77.37
70.56,70.56,62.73,73.86,77.17
75.02,75.02,63.82,74.98,76.34
78.56,78.56,61.75,76.44,75.61
78.86,78.86,60.83,76.10,76.10
68.06,68.06,63.24,75.72,78.73
75.02,75.02,62.25,74.98,75.98
70.20,70.20,59.01,75.24,78.24
72.40,72.40,58.13,74.56,76.54
77.07,77.07,59.29,72.37,76.46
68.84,68.84,56.69,74.10,76.15
78.50,78.50,55.45,73.78,78.19
80.88,80.88,56.61,73.42,74.36
80.32,80.32,55.83,73.03,75.30
80.04,80.04,54.75,74.55,73.22
79.64,79.64,54.46,74.24,76.69
75.73,75.73,53.63,72.18,78.15
68.00,68.00,53.19,73.04,75.59
74.80,74.80,55.27,74.01,76.40
81.37,81.37,58.46,73.05,76.84
81.84,81.84,57.92,68.93,77.14
81.38,81.38,56.16,70.85,77.45
79.97,79.97,53.02,71.00,73.65
77.22,77.22,52.54,70.38,76.34
77.76,77.76,51.33,69.61,74.70
80.87,80.87,50.75,70.34,76.43
81.04,81.04,50.76,71.68,72.95
79.29,79.29,51.70,67.50,77.67
73.33,73.33,54.49,68.05,74.43
71.91,71.91,53.04,69.11,73.86
77.65,77.65,52.67,69.43,72.74
78.07,78.07,51.62,66.75,73.12
74.27,74.27,51.32,68.50,72.85
74.72,74.72,50.39,68.58,71.28
76.65,76.65,49.29,67.39,70.75
76.44,76.44,47.86,67.15,72.28
77.54,77.54,48.20,68.04,71.66
77.98,77.98,48.28,66.93,70.48
77.73,77.73,47.52,65.94,73.52
74.00,74.00,49.96,65.97,69.98
67.50,67.50,53.21,67.55,72.13
61.23,61.23,51.94,65.02,72.61
69.49,69.49,51.76,65.36,70.19
69.22,69.22,50.25,67.42,71.33
59.15,59.15,48.98,66.90,69.77
68.55,68.55,48.77,65.56,71.50
74.17,74.17,48.09,65.89,71.83
76.35,76.35,46.35,66.47,71.96
73.92,73.92,47.42,65.45,71.18
72.11,72.11,54.85,65.07,72.57
60.39,60.39,57.90,65.84,76.67
69.50,69.50,56.02,66.15,76.40
76.50,76.50,53.89,62.43,74.13
75.57,75.57,50.79,63.97,76.95
69.98,69.98,48.11,63.21,74.01
61.64,61.64,46.98,57.96,75.81
57.43,57.43,45.02,53.06,76.62
65.88,65.88,44.32,51.18,72.78
68.35,68.35,43.13,53.36,76.17
67.06,67.06,44.50,59.57,74.23
67.00,67.00,49.68,53.17,70.87
63.60,63.60,50.68,54.79,73.58
62.90,62.90,48.95,51.31,73.01
66.34,66.34,47.63,49.56,73.18
68.71,68.71,43.98,46.94,76.73
68.41,68.41,43.44,46.14,70.10
64.45,64.45,43.65,45.20,76.22
62.11,62.11,47.99,50.44,73.29
65.59,65.59,56.72,53.86,71.14
67.03,67.03,70.60,67.13,74.98
66.15,66.15,71.88,85.29,71.04
65.24,65.24,74.67,80.91,74.46
58.13,58.13,76.34,83.24,73.07
64.81,64.81,76.42,80.12,69.22
63.16,63.16,74.70,79.46,70.31
60.53,60.53,74.08,78.77,70.31
51.44,51.44,73.27,78.99,70.43
42.99,42.99,73.30,75.67,71.01
47.54,47.54,72.23,75.41,67.35
53.97,53.97,71.19,79.41,77.97
67.55,67.55,65.61,88.10,78.96
72.86,72.86,64.30,85.27,76.11
74.78,74.78,67.71,79.81,79.69
75.03,75.03,69.12,76.05,80.11
75.58,75.58,68.62,77.98,77.36
77.25,77.25,67.75,76.77,79.24
77.12,77.12,67.77,77.24,78.83
78.45,78.45,65.94,76.04,76.23
78.93,78.93,65.69,74.70,80.31
79.02,79.02,63.73,74.15,75.56
79.97,79.97,58.78,73.16,77.10
79.53,79.53,58.59,73.21,79.23
80.71,80.71,54.45,72.74,75.76
80.01,80.01,56.74,71.26,78.13
79.59,79.59,55.71,70.18,75.47
80.13,80.13,60.96,68.07,75.88
79.96,79.96,60.90,69.59,78.69
79.44,79.44,58.53,69.47,72.85
79.92,79.92,61.63,70.12,75.59
81.12,81.12,59.23,71.01,76.39
81.00,81.00,63.35,70.05,73.29
81.38,81.38,61.34,66.61,75.33
80.96,80.96,57.11,65.90,73.55
80.95,80.95,56.42,63.51,73.04
79.74,79.74,52.97,64.21,76.16
81.39,81.39,53.33,64.47,72.73
82.38,82.38,55.64,65.81,74.25
83.11,83.11,52.79,64.25,72.46
82.22,82.22,52.49,64.00,72.54
81.34,81.34,54.21,67.13,77.50
80.54,80.54,56.64,67.15,77.34
78.90,78.90,57.86,66.72,76.98
78.66,78.66,54.59,66.28,76.30
78.92,78.92,53.37,66.04,77.31
79.04,79.04,50.26,65.98,78.07
80.34,80.34,50.57,67.18,76.28
80.89,80.89,49.19,66.44,75.99
83.36,83.36,50.91,67.46,75.83
83.51,83.51,50.30,65.06,73.81
84.43,84.43,49.26,62.49,76.44
84.08,84.08,51.00,62.13,73.83
83.51,83.51,55.22,60.18,74.10
82.49,82.49,52.93,60.94,73.26
82.76,82.76,50.38,64.41,73.13
83.56,83.56,48.36,61.20,73.48
83.83,83.83,47.52,61.83,70.26
84.05,84.05,46.18,64.08,72.02
82.55,82.55,45.87,62.45,73.05
80.83,80.83,54.94,62.95,69.71
79.11,79.11,59.93,60.29,70.72
78.99,78.99,72.17,48.36,68.77
81.73,81.73,78.17,51.75,69.30
83.08,83.08,77.74,52.10,71.62
84.20,84.20,76.72,51.77,69.02
83.56,83.56,75.00,50.03,69.48
82.00,82.00,72.53,47.66,69.39
76.88,76.88,73.71,48.33,66.76
68.57,68.57,72.55,46.44,68.49
71.90,71.90,73.50,46.49,69.61
76.78,76.78,72.21,45.08,76.84
78.94,78.94,71.96,41.53,81.35
82.38,82.38,72.23,40.11,80.22
84.23,84.23,72.77,41.55,82.45
83.96,83.96,71.55,43.22,80.60
83.40,83.40,69.97,42.61,83.03
82.38,82.38,71.62,40.23,78.80
82.40,82.40,71.30,39.59,78.87
81.71,81.71,72.26,36.56,79.62
81.27,81.27,69.64,36.05,77.33
79.56,79.56,68.25,38.30,76.84
76.47,76.47,66.66,44.97,80.30
73.07,73.07,65.36,42.28,76.07
72.22,72.22,64.35,34.81,78.74
75.08,75.08,63.42,35.92,77.92
79.55,79.55,62.54,35.70,76.42
83.70,83.70,63.97,39.01,78.99
83.79,83.79,62.45,34.81,75.80
83.15,83.15,65.49,32.88,75.56
81.72,81.72,65.15,30.33,76.08
79.12,79.12,81.32,19.79,73.21
76.94,76.94,78.73,18.10,75.70
77.01,77.01,75.97,16.94,74.22
80.13,80.13,76.47,33.27,73.14
81.55,81.55,77.14,30.68,76.22
82.87,82.87,76.52,26.59,73.02
81.86,81.86,76.30,17.11,73.89
80.79,80.79,74.50,26.76,73.85
78.50,78.50,75.26,31.80,73.19
74.23,74.23,72.92,46.52,79.30
75.53,75.53,69.44,59.61,76.81
75.32,75.32,74.19,67.02,81.99
75.15,75.15,77.28,84.27,80.95
73.58,73.58,76.87,82.34,82.08
67.49,67.49,76.61,81.63,81.17
71.51,71.51,76.04,84.17,82.10
75.00,75.00,77.31,82.42,80.21
76.26,76.26,76.98,83.79,81.34
72.52,72.52,74.94,81.98,80.00
71.55,71.55,71.74,82.81,79.10
75.48,75.48,69.97,82.91,80.13
76.76,76.76,72.03,82.08,80.57
75.44,75.44,72.04,82.17,78.30
75.32,75.32,70.26,83.35,79.12
76.46,76.46,70.34,82.81,77.02
77.90,77.90,70.41,81.94,79.09
76.66,76.66,70.09,80.50,77.04
73.73,73.73,69.67,81.85,78.13
61.58,61.58,69.24,81.50,78.72
66.91,66.91,69.20,80.74,79.14
69.67,69.67,67.90,79.00,80.45
67.24,67.24,66.35,79.20,79.28
57.97,57.97,66.38,79.05,80.25
68.03,68.03,65.99,77.91,80.35
72.65,72.65,67.87,76.40,79.82
74.53,74.53,68.10,76.45,79.50
73.35,73.35,66.31,76.11,78.73
70.60,70.60,63.39,75.09,78.51
71.52,71.52,63.24,73.09,76.95
72.98,72.98,65.08,72.80,76.73
74.66,74.66,64.09,72.14,79.02
66.51,66.51,62.80,71.71,79.02
53.05,53.05,60.59,70.24,79.74
66.98,66.98,59.27,69.86,81.38
73.44,73.44,60.48,70.00,80.41
72.68,72.68,61.71,67.85,80.36
72.25,72.25,59.23,64.98,81.70
67.30,67.30,56.22,65.07,80.84
62.88,62.88,56.88,65.45,80.55
57.67,57.67,57.51,65.44,80.35
66.58,66.58,55.20,62.34,79.81
65.17,65.17,55.07,60.54,80.65
65.49,65.49,56.21,60.74,80.16
59.46,59.46,55.91,59.46,76.54
59.26,59.26,54.87,59.67,78.21
60.49,60.49,52.52,55.82,77.68
59.97,59.97,52.28,53.76,77.23
62.77,62.77,51.88,53.55,77.30
66.94,66.94,53.29,54.37,79.38
68.97,68.97,52.91,57.64,79.24
68.15,68.15,53.45,50.69,77.81
66.89,66.89,54.87,49.23,78.92
58.62,58.62,55.91,49.70,78.27
56.37,56.37,55.61,50.73,76.93
52.23,52.23,54.37,45.31,78.07
55.46,55.46,54.93,48.69,75.64
50.19,50.19,52.28,53.82,77.37
48.23,48.23,51.71,45.91,75.73
47.74,47.74,51.99,44.75,76.36
46.28,46.28,49.20,47.98,76.20
51.64,51.64,48.34,47.71,77.81
56.83,56.83,51.37,46.55,82.52
51.33,51.33,55.37,39.78,80.06
50.76,50.76,54.92,50.07,81.36
53.22,53.22,54.73,48.57,79.94
52.77,52.77,51.17,51.79,81.18
57.93,57.93,48.37,50.35,81.87
57.90,57.90,48.32,49.85,81.22
54.40,54.40,45.74,52.86,81.34
56.33,56.33,47.38,46.99,82.45
61.69,61.69,44.75,48.63,82.13
59.84,59.84,44.59,51.71,81.72
59.84,59.84,44.31,48.63,81.42
60.32,60.32,47.20,47.79,80.00
60.65,60.65,45.73,46.21,79.33
62.82,62.82,45.67,49.74,80.47
63.70,63.70,44.05,46.02,80.05
63.62,63.62,42.34,47.73,80.02
62.19,62.19,41.65,49.47,80.58
59.26,59.26,43.58,42.56,79.92
57.40,57.40,47.19,49.55,79.24
58.02,58.02,56.29,44.45,77.86
60.50,60.50,64.31,48.85,79.86
59.62,59.62,70.70,47.33,77.21
59.93,59.93,71.56,43.19,76.93
61.15,61.15,71.25,45.08,76.85
60.59,60.59,71.04,46.72,79.36
58.75,58.75,69.21,43.46,77.96
49.02,49.02,66.68,43.16,73.75
47.73,47.73,63.46,47.13,80.00
50.16,50.16,61.09,52.78,81.11
49.75,49.75,58.57,59.19,86.12
47.58,47.58,54.07,72.56,86.53
54.73,54.73,52.78,83.92,86.07
58.76,58.76,52.51,84.83,83.85
62.69,62.69,53.32,83.48,83.14
63.68,63.68,50.98,82.39,80.20
64.26,64.26,50.80,82.47,82.27
64.72,64.72,51.22,83.11,82.26
63.58,63.58,48.63,83.84,82.27
60.11,60.11,49.37,82.70,85.51
59.54,59.54,51.36,82.65,85.45
56.96,56.96,49.37,84.21,80.54
57.55,57.55,44.48,85.02,81.23
53.54,53.54,47.93,83.94,79.61
54.18,54.18,45.68,81.88,79.78
53.46,53.46,48.12,83.00,80.18
50.21,50.21,48.80,84.35,83.12
46.78,46.78,44.14,84.45,84.14
45.24,45.24,45.53,83.58,83.81
47.46,47.46,42.63,82.97,82.67
47.18,47.18,44.02,82.14,83.74
45.63,45.63,46.53,82.17,79.92
45.64,45.64,44.05,82.24,79.83
46.58,46.58,46.46,83.21,80.43
50.17,50.17,49.22,82.01,80.55
52.00,52.00,47.24,80.26,82.49
53.18,53.18,46.38,80.38,84.06
58.61,58.61,44.53,82.19,84.56
60.03,60.03,44.99,82.35,83.55
61.60,61.60,48.53,80.01,81.22
67.12,67.12,53.02,79.26,81.97
72.09,72.09,51.84,79.45,84.12
75.07,75.07,55.07,79.48,84.02
76.61,76.61,52.17,78.57,84.80
76.89,76.89,52.17,79.32,85.70
75.89,75.89,49.82,78.41,84.44
78.32,78.32,51.45,77.77,83.12
76.22,76.22,50.23,77.83,82.41
79.29,79.29,50.98,78.26,81.86
77.33,77.33,51.14,78.40,82.32
80.21,80.21,51.95,78.07,81.62
79.33,79.33,50.14,75.76,78.49
79.03,79.03,48.60,76.20,82.12
77.16,77.16,48.98,77.47,79.85
78.11,78.11,50.45,76.72,80.04
77.94,77.94,52.91,75.54,79.42
77.04,77.04,54.26,76.86,79.29
78.46,78.46,53.04,75.14,78.78
78.45,78.45,51.41,74.99,80.54
78.90,78.90,54.28,75.37,82.27
78.07,78.07,56.63,74.01,83.74
78.42,78.42,73.58,70.33,81.66
76.30,76.30,78.62,67.88,80.02
75.28,75.28,75.56,68.38,78.85
79.33,79.33,77.18,72.28,76.96
78.25,78.25,76.02,72.78,74.97
78.07,78.07,75.80,71.94,75.26
78.19,78.19,73.92,70.46,74.94
73.68,73.68,74.37,71.72,75.14
78.95,78.95,74.66,70.97,76.76
79.58,79.58,72.73,69.01,79.43
79.75,79.75,75.02,71.30,83.93
78.18,78.18,73.92,71.93,84.53
76.75,76.75,78.11,69.91,85.59
75.85,75.85,79.70,71.48,81.88
74.40,74.40,79.26,70.81,85.83
75.58,75.58,76.24,70.14,85.01
75.45,75.45,75.45,69.64,85.57
77.21,77.21,75.07,68.10,83.77
80.04,80.04,74.85,65.86,83.04
80.52,80.52,74.43,65.47,82.75
80.09,80.09,73.66,64.29,81.83
80.74,80.74,74.06,65.48,82.51
79.54,79.54,73.81,65.88,82.78
79.50,79.50,71.90,65.05,82.75
74.42,74.42,70.78,64.87,83.95
73.42,73.42,71.17,67.31,83.60
72.88,72.88,72.03,67.14,81.68
72.64,72.64,71.41,68.61,82.87
74.10,74.10,68.27,68.34,81.15
72.33,72.33,68.38,65.83,80.16
71.85,71.85,69.66,64.95,81.37
67.95,67.95,68.61,65.79,82.48
67.19,67.19,51.05,55.44,78.92
67.94,67.94,52.04,47.07,79.72
67.22,67.22,50.98,43.90,78.71
67.64,67.64,49.63,37.20,78.66
68.89,68.89,53.03,42.19,78.54
69.23,69.23,55.36,44.03,77.84
72.86,72.86,54.39,58.38,77.13
76.65,76.65,64.70,65.59,81.17
75.25,75.25,66.29,73.90,77.89
75.51,75.51,61.40,85.62,80.58
74.09,74.09,58.22,85.05,81.93
79.07,79.07,59.33,78.98,82.86
80.10,80.10,59.60,74.71,84.25
78.55,78.55,60.59,80.56,83.42
77.14,77.14,59.87,79.74,84.09
74.71,74.71,61.43,76.02,82.43
78.38,78.38,63.48,77.75,82.04
78.45,78.45,62.94,76.93,83.49
77.78,77.78,63.07,78.56,84.21
77.94,77.94,64.92,74.75,83.97
77.12,77.12,66.82,75.66,82.66
76.33,76.33,66.17,74.02,83.67
63.63,63.63,64.54,72.91,81.31
59.08,59.08,64.28,70.50,82.92
63.04,63.04,65.63,68.42,82.08
55.41,55.41,65.44,68.80,84.42
55.10,55.10,65.84,66.91,79.42
54.28,54.28,66.30,64.22,80.89
51.79,51.79,66.42,64.02,79.72
51.77,51.77,65.15,64.82,82.29
50.50,50.50,64.59,65.60,78.67
51.60,51.60,65.45,68.78,82.06
52.19,52.19,63.86,66.21,80.96
56.61,56.61,63.84,68.42,80.52
60.57,60.57,62.29,67.92,80.27
67.77,67.77,59.40,69.57,78.23
74.68,74.68,54.98,68.38,79.67
77.10,77.10,57.45,66.87,80.33
77.15,77.15,58.59,62.83,79.10
77.98,77.98,58.46,62.61,77.26
77.04,77.04,60.33,61.69,78.76
81.33,81.33,60.84,60.40,78.96
81.86,81.86,58.83,63.43,77.91
80.84,80.84,58.76,63.09,79.14
81.12,81.12,59.85,64.67,77.19
76.15,76.15,58.94,65.36,78.80
76.44,76.44,57.98,62.11,78.12
75.33,75.33,58.90,65.32,80.03
78.05,78.05,56.86,62.93,78.72
78.64,78.64,57.11,66.19,79.68
80.65,80.65,60.84,66.38,79.81
77.06,77.06,59.44,66.48,79.03
76.96,76.96,60.06,67.87,77.23
81.29,81.29,59.74,65.73,77.98
83.24,83.24,59.06,66.38,79.83
83.22,83.22,58.32,63.54,77.33
81.62,81.62,65.05,62.00,76.97
80.43,80.43,67.95,59.59,74.46
79.60,79.60,81.01,61.38,77.66
77.56,77.56,78.16,59.43,78.76
77.40,77.40,78.06,54.40,78.04
78.36,78.36,77.71,51.59,78.79
77.93,77.93,78.47,41.34,78.13
78.19,78.19,75.24,42.08,77.38
79.21,79.21,76.49,39.43,78.40
80.81,80.81,75.65,35.39,76.93
77.47,77.47,75.68,37.98,78.34
75.23,75.23,75.16,35.50,75.92
75.53,75.53,72.03,32.82,74.95
75.37,75.37,74.54,32.63,80.32
66.00,66.00,72.78,32.28,80.37
61.31,61.31,71.81,26.67,82.18
55.88,55.88,71.41,26.84,81.16
56.91,56.91,72.02,33.31,80.33
55.68,55.68,70.76,28.34,80.12
57.80,57.80,70.60,27.09,79.74
55.93,55.93,69.54,25.93,79.37
54.41,54.41,68.39,27.03,79.09
53.63,53.63,68.76,23.46,79.34
52.50,52.50,66.79,22.26,79.56
56.17,56.17,66.84,20.58,79.95
64.18,64.18,64.13,14.30,77.43
70.49,70.49,62.88,12.43,79.21
87.24,87.24,64.14,13.43,76.60
85.41,85.41,64.39,17.96,77.55
85.20,85.20,64.65,17.83,74.52
83.67,83.67,61.69,36.19,71.95
82.42,82.42,59.10,53.62,73.48
82.94,82.94,62.51,60.45,73.32
80.75,80.75,66.15,73.78,75.08
74.13,74.13,68.02,81.67,76.74
65.48,65.48,64.51,81.52,74.53
57.71,57.71,58.37,70.67,76.06
61.91,61.91,56.01,73.83,74.24
58.80,58.80,58.21,74.00,73.75
62.84,62.84,55.40,71.66,74.96
68.58,68.58,51.55,69.96,70.16
73.51,73.51,57.70,66.36,74.31
79.92,79.92,66.72,74.14,76.12
79.03,79.03,67.14,77.54,80.79
78.00,78.00,60.49,80.12,85.12
76.27,76.27,60.04,81.73,86.07
75.40,75.40,56.46,79.78,83.48
77.01,77.01,57.95,86.02,85.46
74.08,74.08,55.67,78.88,85.36
75.57,75.57,55.96,84.24,84.21
74.50,74.50,55.19,79.10,84.31
76.50,76.50,54.13,82.88,83.05
76.52,76.52,54.65,79.53,82.57
75.89,75.89,54.49,83.17,84.33
75.95,75.95,53.36,78.23,84.15
75.28,75.28,54.70,82.05,83.17
74.13,74.13,54.40,79.61,85.13
75.08,75.08,56.48,81.30,81.30
73.72,73.72,56.55,79.07,79.75
74.22,74.22,55.64,80.32,81.94
76.28,76.28,58.12,77.91,80.87
75.57,75.57,58.06,79.87,81.79
79.97,79.97,58.48,75.32,82.06
84.12,84.12,57.26,78.44,80.76
85.95,85.95,57.93,72.86,79.46
87.28,87.28,57.50,75.64,83.59
87.94,87.94,58.40,73.62,80.67
88.54,88.54,56.88,69.30,81.40
90.08,90.08,54.55,69.41,81.48
87.24,87.24,51.76,67.04,77.63
79.70,79.70,51.54,72.35,77.84
75.76,75.76,48.61,68.46,78.73
79.03,79.03,49.08,70.24,78.13
76.88,76.88,49.96,67.45,79.40
77.49,77.49,51.41,64.70,82.24
77.32,77.32,54.30,63.53,79.56
77.75,77.75,54.45,63.55,78.42
78.71,78.71,54.78,62.73,80.18
78.57,78.57,54.88,62.88,78.63
78.11,78.11,53.65,58.33,77.39
78.24,78.24,53.38,59.74,78.47
78.38,78.38,56.02,54.60,77.39
79.05,79.05,56.14,59.28,80.03
79.45,79.45,57.97,48.56,77.65
80.19,80.19,57.49,55.46,76.15
80.32,80.32,59.22,52.73,75.61
81.07,81.07,58.13,55.19,76.40
80.31,80.31,57.34,51.67,75.45
78.65,78.65,57.50,52.38,73.41
77.02,77.02,55.81,56.39,76.41
76.60,76.60,54.24,51.98,73.75
78.03,78.03,54.34,54.82,74.48
79.02,79.02,58.53,47.72,78.89
77.10,77.10,72.82,39.72,79.59
73.58,73.58,76.62,55.31,78.10
65.42,65.42,75.92,60.64,78.59
62.01,62.01,78.61,65.40,79.25
59.79,59.79,76.51,67.42,79.41
60.44,60.44,78.27,67.97,78.36
61.03,61.03,79.84,67.21,79.50
62.91,62.91,77.36,63.72,79.54
73.49,73.49,77.62,58.88,78.81
79.74,79.74,75.47,50.67,79.35
78.21,78.21,73.16,46.43,78.89
78.17,78.17,73.77,38.36,80.64
79.50,79.50,74.14,32.31,79.52
79.06,79.06,74.40,38.29,80.33
79.23,79.23,74.10,38.53,79.68
80.77,80.77,71.36,30.51,78.68
79.70,79.70,69.95,30.41,80.20
76.81,76.81,68.93,24.43,77.51
76.42,76.42,74.28,24.72,76.44
77.38,77.38,68.72,14.53,78.20
77.94,77.94,68.32,23.98,74.43
76.13,76.13,63.72,22.38,74.12
73.29,73.29,69.22,20.08,74.95
76.76,76.76,69.71,17.60,76.78
82.54,82.54,67.71,17.10,74.56
80.53,80.53,65.36,21.98,75.12
81.75,81.75,62.35,16.61,76.22
79.96,79.96,60.85,19.90,68.52
76.74,76.74,65.49,21.82,71.11
77.56,77.56,68.37,16.96,70.92
77.62,77.62,81.15,4.49,72.16
77.18,77.18,78.10,0.01,74.54
77.70,77.70,77.68,0.01,73.31
76.86,76.86,78.36,0.41,71.85
76.33,76.33,76.54,0.42,72.99
76.78,76.78,75.40,0.01,72.48
76.64,76.64,77.29,3.22,70.58
77.39,77.39,75.85,28.15,67.60
81.08,81.08,74.95,46.41,66.89
80.36,80.36,75.23,52.51,68.37
82.74,82.74,72.51,68.95,72.90
80.07,80.07,74.85,86.60,78.54
79.56,79.56,75.34,84.02,80.33
80.36,80.36,74.34,80.54,80.35
82.18,82.18,74.03,82.31,82.09
79.20,79.20,73.83,83.71,81.91
79.34,79.34,74.38,83.95,80.75
79.91,79.91,71.05,83.27,81.75
79.61,79.61,70.90,81.47,81.79
80.44,80.44,70.27,82.10,81.15
80.94,80.94,69.16,81.70,80.32
81.72,81.72,67.33,80.60,81.09
80.50,80.50,65.37,81.52,79.14
80.50,80.50,65.92,80.88,79.74
81.00,81.00,66.50,79.84,78.50
81.32,81.32,64.16,79.13,79.89
79.62,79.62,63.67,79.43,78.50
80.38,80.38,62.54,79.43,79.01
81.32,81.32,63.08,78.84,79.23
83.03,83.03,63.94,77.84,79.12
83.27,83.27,62.90,76.72,79.53
82.31,82.31,60.49,75.86,77.84
78.41,78.41,60.74,75.13,77.18
75.43,75.43,60.69,74.43,77.99
67.91,67.91,61.21,75.73,77.00
62.12,62.12,60.08,75.96,78.04
64.59,64.59,59.02,73.72,77.62
66.99,66.99,56.37,72.71,77.16
69.42,69.42,56.17,72.24,75.82
78.00,78.00,55.38,71.81,79.94
79.77,79.77,53.84,69.68,76.65
81.24,81.24,52.98,70.09,78.09
82.17,82.17,55.70,69.76,78.17
81.05,81.05,56.09,68.73,79.50
79.69,79.69,56.97,69.13,78.94
80.57,80.57,55.18,65.15,77.15
81.07,81.07,53.25,68.13,75.32
81.57,81.57,51.28,66.62,75.53
81.42,81.42,51.27,65.33,73.59
81.09,81.09,51.81,65.50,74.40
80.86,80.86,51.75,62.21,72.49
79.79,79.79,51.38,58.17,71.77
80.48,80.48,50.79,58.89,73.94
79.80,79.80,52.51,59.01,73.12
77.33,77.33,51.12,57.86,70.23
79.84,79.84,51.65,56.20,71.72
76.68,76.68,48.77,56.24,71.67
70.91,70.91,47.35,55.23,71.38
78.23,78.23,47.21,57.56,73.71
77.78,77.78,44.91,57.73,74.33
78.85,78.85,44.63,58.57,74.92
76.20,76.20,41.48,59.69,75.36
78.68,78.68,42.40,59.95,76.01
79.60,79.60,42.09,62.70,75.28
79.20,79.20,42.45,62.67,74.79
78.90,78.90,41.80,62.99,75.42
79.77,79.77,39.06,60.63,74.41
76.41,76.41,39.61,60.10,74.75
62.23,62.23,42.22,59.93,73.23
63.99,63.99,44.49,60.63,75.33
60.54,60.54,45.18,61.54,74.24
67.01,67.01,46.19,59.62,75.83
67.86,67.86,44.07,59.09,78.11
68.49,68.49,41.02,58.13,79.29
71.83,71.83,38.41,59.68,78.92
73.05,73.05,39.07,58.24,77.66
73.48,73.48,39.78,58.08,78.58
72.35,72.35,38.83,56.22,79.26
68.04,68.04,37.19,54.63,75.80
64.31,64.31,37.64,52.98,78.62
59.82,59.82,38.68,46.87,78.26
59.37,59.37,39.24,47.59,74.98
60.75,60.75,37.37,45.11,76.12
71.71,71.71,39.66,45.98,79.09
74.54,74.54,36.21,45.13,78.42
76.22,76.22,35.01,45.08,76.79
73.26,73.26,35.22,43.06,75.30
71.83,71.83,35.96,37.67,77.13
69.11,69.11,35.10,28.82,74.67
76.07,76.07,49.01,36.04,73.23
83.38,83.38,53.03,46.82,74.43
82.72,82.72,71.07,66.71,74.17
81.64,81.64,77.58,85.41,73.38
81.37,81.37,74.58,84.35,73.95
81.05,81.05,78.14,79.40,72.73
81.49,81.49,77.49,78.76,71.68
80.62,80.62,77.49,78.31,71.30
78.57,78.57,75.09,83.17,70.10
80.92,80.92,75.07,79.13,73.34
84.71,84.71,75.42,78.68,70.95
84.85,84.85,73.74,77.60,77.44
81.72,81.72,70.76,79.59,76.63
76.55,76.55,66.37,86.47,79.33
70.97,70.97,59.94,83.72,85.85
59.71,59.71,66.43,75.11,81.53
53.27,53.27,70.95,77.71,84.00
53.12,53.12,72.34,77.30,81.26
57.10,57.10,71.89,77.12,81.77
62.58,62.58,69.50,78.36,81.42
63.51,63.51,68.48,76.34,82.54
56.31,56.31,67.96,75.46,80.77
48.16,48.16,69.63,74.93,81.96
56.02,56.02,69.45,75.73,79.61
53.46,53.46,69.78,75.34,82.58
48.04,48.04,69.11,74.77,80.49
46.71,46.71,71.99,74.74,79.99
44.27,44.27,70.38,74.62,82.21
49.88,49.88,70.37,72.81,80.57
43.12,43.12,68.97,73.16,79.25
45.07,45.07,68.79,72.77,81.49
43.21,43.21,66.35,70.56,80.33
44.90,44.90,66.94,70.50,79.27
42.23,42.23,65.40,69.74,80.44
42.25,42.25,65.12,68.54,77.86
50.23,50.23,66.10,68.61,80.98
55.34,55.34,66.17,68.56,77.83
55.67,55.67,66.18,66.88,79.18
58.80,58.80,65.32,66.13,78.65
66.64,66.64,62.47,65.05,78.28
70.79,70.79,62.23,65.22,79.42
77.64,77.64,59.72,63.90,80.38
79.20,79.20,58.79,65.92,78.44
79.74,79.74,58.45,64.60,76.61
80.76,80.76,59.48,64.17,79.29
78.93,78.93,60.51,63.26,77.78
78.28,78.28,60.39,64.19,83.22
77.40,77.40,61.25,61.55,79.44
78.49,78.49,60.79,63.71,83.38
77.16,77.16,59.24,60.27,78.46
75.26,75.26,59.28,63.94,81.97
77.97,77.97,59.49,64.61,78.47
79.09,79.09,60.75,65.96,79.33
79.25,79.25,60.46,63.07,76.22
77.73,77.73,61.68,63.64,77.97
76.54,76.54,59.74,62.45,74.77
74.59,74.59,59.39,61.35,79.37
80.61,80.61,60.70,63.29,76.97
78.33,78.33,59.83,64.92,76.25
81.36,81.36,60.76,64.96,77.13
80.82,80.82,57.72,63.27,76.86
78.91,78.91,58.93,61.27,71.95
72.45,72.45,57.23,63.05,76.12
74.42,74.42,63.33,62.45,78.73
73.47,73.47,74.17,58.91,79.19
74.20,74.20,72.77,62.39,76.82
71.51,71.51,65.56,62.05,77.14
65.64,65.64,63.82,60.18,76.77
61.25,61.25,61.41,59.13,76.24
62.64,62.64,60.10,58.75,75.72
60.01,60.01,53.86,57.17,75.60
65.07,65.07,50.29,56.48,74.54
69.03,69.03,53.37,57.77,76.75
71.99,71.99,48.13,57.24,83.85
72.28,72.28,44.54,52.16,79.54
72.81,72.81,50.90,45.87,79.70
73.84,73.84,49.74,47.22,79.06
73.53,73.53,43.39,54.10,79.57
73.57,73.57,38.34,52.65,78.28
72.87,72.87,42.01,50.31,78.37
72.28,72.28,43.63,51.63,79.03
70.47,70.47,41.39,50.93,78.49
70.40,70.40,43.61,55.01,79.05
68.65,68.65,44.79,46.52,75.93
66.79,66.79,47.02,44.36,77.08
68.70,68.70,51.58,44.75,76.45
60.77,60.77,53.15,41.67,76.40
55.45,55.45,53.05,42.91,74.30
59.54,59.54,49.98,36.89,77.71
62.68,62.68,48.47,31.68,75.00
76.59,76.59,53.44,49.45,76.20
78.28,78.28,54.91,55.48,73.35
78.16,78.16,66.52,63.99,72.77
76.63,76.63,75.91,75.33,74.94
77.29,77.29,74.15,86.21,72.62
71.44,71.44,77.45,77.70,76.09
69.98,69.98,76.74,78.86,71.49
73.59,73.59,75.60,79.71,73.70
69.27,69.27,75.16,78.49,72.42
66.19,66.19,76.60,81.22,73.02
72.34,72.34,77.32,81.25,72.43
69.94,69.94,75.84,77.24,73.21
79.66,79.66,74.27,72.15,85.33
80.28,80.28,74.06,73.92,82.73
78.65,78.65,73.63,82.97,83.87
76.41,76.41,70.99,82.64,81.69
74.39,74.39,76.82,80.81,82.71
75.81,75.81,76.54,78.40,83.93
77.80,77.80,76.48,79.31,83.55
79.88,79.88,75.50,79.68,83.74
81.13,81.13,75.93,78.82,83.76
81.83,81.83,73.58,79.78,83.40
83.12,83.12,72.63,78.46,83.69
84.47,84.47,74.87,79.94,83.47
85.54,85.54,74.09,76.91,81.98
87.09,87.09,69.35,76.73,80.09
87.28,87.28,69.02,75.95,80.46
87.71,87.71,67.15,75.32,82.55
86.24,86.24,67.89,76.81,81.94
81.72,81.72,67.83,76.68,82.81
75.54,75.54,69.43,78.25,82.83
72.87,72.87,68.18,78.25,84.44
68.60,68.60,69.40,77.20,81.50
69.41,69.41,69.27,77.24,82.50
70.60,70.60,66.56,76.11,83.34
71.30,71.30,64.72,76.12,83.14
70.60,70.60,65.97,76.91,79.40
70.60,70.60,65.45,76.94,80.98
73.84,73.84,63.91,77.40,80.19
81.33,81.33,64.72,77.20,81.99
81.94,81.94,64.28,77.48,77.82
82.22,82.22,62.15,76.41,79.62
77.84,77.84,61.73,76.36,77.68
75.28,75.28,59.90,76.46,80.40
74.97,74.97,59.11,75.92,80.26
76.75,76.75,56.18,74.86,79.69
77.93,77.93,57.19,74.69,79.51
74.64,74.64,53.67,75.16,80.29
73.31,73.31,49.31,75.65,80.15
75.21,75.21,51.47,76.58,81.12
74.75,74.75,52.00,75.33,81.64
74.94,74.94,49.21,74.98,78.25
75.12,75.12,47.02,74.79,82.22
75.87,75.87,43.91,74.08,80.62
75.27,75.27,45.12,73.53,80.98
74.24,74.24,46.20,73.21,80.76
74.12,74.12,45.45,73.58,80.68
75.42,75.42,43.94,73.21,79.51
73.39,73.39,42.29,73.42,81.28
71.35,71.35,42.29,73.25,80.35
78.33,78.33,49.91,72.87,81.90
82.66,82.66,54.14,72.59,80.39
80.75,80.75,62.62,73.98,77.07
79.72,79.72,79.39,75.75,76.97
78.61,78.61,69.82,76.00,78.16
78.27,78.27,76.62,72.77,77.89
77.73,77.73,75.83,70.81,78.01
77.71,77.71,75.49,71.58,79.17
77.01,77.01,75.09,71.89,79.18
79.18,79.18,74.08,71.72,77.91
79.64,79.64,72.84,70.65,76.71
80.09,80.09,73.61,68.92,74.17
81.03,81.03,73.42,70.96,77.41
79.44,79.44,71.36,71.76,79.72
80.92,80.92,71.31,70.54,81.70
79.74,79.74,69.88,70.63,79.47
79.41,79.41,68.55,69.54,78.91
79.81,79.81,69.73,69.36,78.03
79.53,79.53,68.86,69.08,77.21
79.78,79.78,68.17,70.17,77.17
79.05,79.05,67.36,71.00,74.93
76.26,76.26,66.97,69.53,74.03
75.47,75.47,66.81,67.87,75.42
75.43,75.43,65.55,66.03,76.03
74.03,74.03,65.69,65.64,73.59
72.92,72.92,63.61,63.52,76.09
73.06,73.06,62.76,60.28,74.30
73.83,73.83,60.55,57.79,74.61
76.19,76.19,61.78,59.30,73.98
78.24,78.24,61.42,58.79,73.15
77.62,77.62,58.68,54.60,73.95
77.51,77.51,59.66,54.90,74.51
77.11,77.11,58.33,53.42,73.67
79.65,79.65,63.24,52.22,75.91
82.10,82.10,73.08,81.14,76.22
82.25,82.25,71.08,84.87,75.21
84.38,84.38,71.88,86.09,73.30
79.97,79.97,75.63,82.34,73.55
69.35,69.35,74.52,77.80,72.05
58.54,58.54,75.39,79.60,73.46
66.18,66.18,75.80,78.61,72.12
72.34,72.34,74.59,80.86,75.74
79.91,79.91,74.43,80.71,80.55
81.21,81.21,73.75,77.87,79.92
77.10,77.10,68.97,81.95,82.60
76.46,76.46,71.46,85.08,82.42
74.77,74.77,73.04,82.81,83.55
77.76,77.76,74.92,82.77,83.82
77.10,77.10,76.91,83.14,82.64
77.94,77.94,75.42,79.65,80.37
74.94,74.94,74.72,79.79,82.62
77.60,77.60,73.25,79.20,82.03
79.22,79.22,72.38,78.82,82.65
77.98,77.98,71.10,79.12,82.01
76.09,76.09,68.27,77.78,80.30
76.46,76.46,65.45,76.47,80.10
76.58,76.58,64.90,76.24,80.02
77.45,77.45,62.96,79.12,79.96
80.81,80.81,62.33,76.56,81.69
74.64,74.64,62.96,73.57,79.04
66.65,66.65,64.13,74.98,79.28
72.37,72.37,64.12,75.95,78.10
72.02,72.02,63.19,71.94,81.39
70.16,70.16,64.96,72.21,79.96
76.13,76.13,64.63,74.84,77.31
76.51,76.51,60.53,74.43,78.57
65.02,65.02,61.17,73.68,76.28
63.44,63.44,61.17,75.16,80.99
70.85,70.85,62.25,75.08,78.40
71.79,71.79,61.58,71.93,82.02
64.50,64.50,62.03,74.19,79.34
63.22,63.22,61.71,76.97,79.41
66.65,66.65,61.22,73.70,80.88
65.81,65.81,60.74,71.00,80.56
59.71,59.71,63.00,71.67,83.25
62.18,62.18,62.75,70.60,81.95
60.44,60.44,63.27,70.77,84.92
54.23,54.23,64.87,70.32,84.06
57.74,57.74,64.04,70.62,80.15
60.70,60.70,64.04,65.71,81.46
58.23,58.23,64.24,67.84,82.77
57.98,57.98,64.78,71.07,83.97
60.80,60.80,64.16,70.62,81.48
60.29,60.29,63.48,67.32,82.46
58.40,58.40,64.88,68.98,79.32
60.14,60.14,64.93,69.66,81.40
58.27,58.27,65.40,67.70,81.55
57.49,57.49,64.07,65.74,83.04
53.80,53.80,63.71,69.27,83.21
54.67,54.67,65.23,69.92,82.53
53.49,53.49,65.63,67.52,80.40
54.28,54.28,64.93,69.33,80.98
54.72,54.72,65.15,68.57,79.30
53.36,53.36,64.12,66.55,74.25
50.49,50.49,65.62,68.05,77.07
45.07,45.07,67.98,71.98,78.22
41.49,41.49,80.60,73.20,79.52
41.29,41.29,75.79,70.53,78.25
39.84,39.84,76.61,69.00,76.73
50.49,50.49,77.43,67.14,76.86
61.58,61.58,77.32,63.13,78.24
68.70,68.70,76.48,58.00,75.74
75.41,75.41,75.46,57.60,74.65
73.66,73.66,74.99,54.89,74.35
75.64,75.64,73.85,53.37,75.48
75.74,75.74,71.81,52.23,75.31
74.94,74.94,69.25,48.10,78.27
77.77,77.77,70.87,43.89,76.33
78.83,78.83,70.70,39.49,76.81
79.76,79.76,70.30,33.82,76.60
78.57,78.57,66.91,31.11,78.42
77.58,77.58,68.10,31.06,76.02
76.36,76.36,67.34,26.58,73.92
76.96,76.96,68.67,21.79,75.30
75.81,75.81,66.85,12.13,74.47
75.79,75.79,65.66,9.82,75.06
83.44,83.44,62.24,14.87,75.20
86.55,86.55,62.57,15.97,74.40
84.54,84.54,60.65,15.77,75.64
79.66,79.66,62.27,10.04,73.90
77.99,77.99,62.79,16.05,73.58
80.03,80.03,61.80,29.53,74.90
79.10,79.10,62.36,38.92,72.38
79.31,79.31,64.87,54.03,73.14
78.07,78.07,71.51,75.48,74.77
81.51,81.51,73.19,85.39,73.57
85.25,85.25,75.13,78.83,71.56
87.96,87.96,76.96,77.69,73.70
89.06,89.06,77.25,81.27,72.06
90.00,90.00,75.30,76.85,73.10
90.41,90.41,73.52,76.75,71.35
91.02,91.02,72.09,74.78,69.99
91.17,91.17,70.76,71.71,70.28
90.84,90.84,69.63,77.69,72.83
86.44,86.44,70.23,69.79,78.03
76.57,76.57,71.26,78.57,84.62
77.81,77.81,68.55,80.02,80.93
79.54,79.54,67.67,79.74,82.28
80.10,80.10,68.36,79.87,80.63
81.11,81.11,68.13,81.66,82.36
78.12,78.12,66.07,80.73,80.45
75.32,75.32,62.05,79.41,82.76
69.26,69.26,61.74,77.59,80.65
64.65,64.65,63.69,78.37,82.40
69.19,69.19,62.36,79.14,82.60
65.66,65.66,57.15,77.25,82.16
66.27,66.27,55.78,76.26,82.56
64.37,64.37,57.06,77.45,81.51
65.08,65.08,57.66,77.56,79.76
66.41,66.41,58.97,78.13,81.83
65.20,65.20,56.46,77.04,80.43
67.78,67.78,54.94,75.73,82.00
70.95,70.95,53.78,76.45,80.92
73.46,73.46,51.85,75.58,78.31
79.87,79.87,51.91,73.87,78.73
79.56,79.56,52.08,71.60,79.84
76.51,76.51,50.77,72.51,80.89
77.18,77.18,47.93,73.42,77.61
76.70,76.70,46.02,71.47,78.87
77.44,77.44,44.75,71.52,78.97
77.79,77.79,43.82,70.76,80.45
79.43,79.43,46.09,70.94,79.86
79.28,79.28,52.00,68.42,78.31
78.38,78.38,62.92,65.98,78.48
79.97,79.97,65.62,71.54,79.32
81.77,81.77,78.02,80.17,81.38
83.22,83.22,78.93,81.64,80.59
83.60,83.60,78.83,79.23,80.36
84.85,84.85,74.81,73.88,80.60
84.13,84.13,67.43,69.65,81.25
84.23,84.23,64.94,68.24,78.63
83.01,83.01,67.24,70.67,77.49
81.63,81.63,70.78,74.46,78.54
81.98,81.98,70.48,72.48,80.34
81.07,81.07,70.54,69.13,80.35
80.15,80.15,78.23,70.20,77.24
78.31,78.31,76.58,63.39,77.36
77.93,77.93,74.89,53.90,76.50
79.90,79.90,78.20,54.40,75.32
81.10,81.10,74.25,47.67,78.62
80.93,80.93,74.13,37.81,76.81
79.12,79.12,74.49,48.30,77.68
79.31,79.31,75.97,54.63,76.59
77.23,77.23,78.00,54.59,81.60
77.47,77.47,77.05,59.18,79.56
78.23,78.23,78.94,59.97,79.56
78.91,78.91,78.46,48.10,79.31
78.99,78.99,75.80,47.69,80.65
79.00,79.00,76.72,37.32,78.40
76.83,76.83,76.24,26.24,79.00
77.74,77.74,75.67,30.24,80.67
77.68,77.68,73.09,26.12,78.83
76.12,76.12,73.93,39.40,77.70
78.14,78.14,73.48,49.24,78.03
77.02,77.02,71.19,55.42,74.58
78.15,78.15,73.92,75.61,79.88
77.06,77.06,75.43,82.92,84.45
78.43,78.43,71.66,82.39,83.00
80.06,80.06,72.29,84.67,83.12
80.70,80.70,73.59,83.08,84.13
78.56,78.56,68.61,82.35,81.80
76.49,76.49,65.24,80.24,80.66
75.70,75.70,64.17,81.13,81.88
74.16,74.16,64.60,81.70,81.86
74.07,74.07,68.79,82.59,82.15
74.69,74.69,70.48,83.71,80.45
72.73,72.73,64.82,80.45,79.40
70.90,70.90,60.64,81.14,77.98
65.06,65.06,64.88,79.89,78.26
58.02,58.02,67.51,83.30,77.96
60.08,60.08,68.02,81.40,78.30
60.20,60.20,63.46,81.22,77.43
62.24,62.24,59.73,78.83,77.65
69.23,69.23,59.92,80.78,77.66
68.47,68.47,63.84,81.93,73.56
75.24,75.24,62.48,80.23,77.21
78.63,78.63,60.27,80.72,73.62
78.92,78.92,57.72,78.00,77.02
77.81,77.81,56.88,80.73,72.86
78.25,78.25,58.06,79.50,73.62
82.27,82.27,57.26,80.89,73.24
85.14,85.14,53.28,77.50,71.96
83.21,83.21,45.14,75.26,71.85
83.23,83.23,44.73,74.14,70.37
80.87,80.87,45.83,72.07,71.90
79.19,79.19,48.03,76.76,74.72
80.42,80.42,50.04,76.91,79.73
79.67,79.67,49.01,76.68,81.09
72.33,72.33,50.20,79.11,80.75
76.70,76.70,49.05,77.21,79.62
78.23,78.23,50.91,81.11,81.80
83.58,83.58,51.41,81.17,79.36
84.83,84.83,51.60,82.47,76.22
83.50,83.50,53.42,80.53,74.39
79.76,79.76,53.68,78.92,74.32
70.78,70.78,52.47,79.43,73.02
61.93,61.93,53.13,74.56,71.12
65.11,65.11,51.88,72.21,67.54
63.96,63.96,50.99,66.86,67.68
65.03,65.03,48.99,67.26,65.49
65.47,65.47,49.67,64.63,63.60
67.50,67.50,51.96,62.37,65.73
66.93,66.93,52.42,53.21,63.88
66.04,66.04,52.93,58.80,60.28
64.95,64.95,52.21,60.89,54.60
63.94,63.94,53.32,54.90,49.32
67.73,67.73,54.28,55.25,48.44
55.74,55.74,56.47,58.16,48.54
59.05,59.05,54.49,54.36,50.99
61.36,61.36,53.42,50.94,48.31
74.98,74.98,51.85,50.07,55.43
82.68,82.68,47.85,55.84,63.06
81.62,81.62,57.75,57.20,69.84
84.86,84.86,57.51,49.65,76.13
81.71,81.71,60.66,54.75,83.65
81.22,81.22,70.22,71.12,84.58
80.97,80.97,72.44,77.17,85.69
78.54,78.54,68.01,82.59,85.64
78.56,78.56,70.02,85.83,83.57
79.33,79.33,64.74,84.87,83.66
76.37,76.37,64.24,83.61,84.79
76.90,76.90,64.29,86.81,83.75
75.15,75.15,64.66,86.32,81.33
75.76,75.76,60.29,86.05,84.01
78.73,78.73,57.27,86.74,83.42
67.41,67.41,63.38,86.09,83.03
60.67,60.67,66.23,88.47,84.30
59.51,59.51,60.06,85.53,84.84
60.93,60.93,58.77,85.52,83.72
63.17,63.17,64.15,87.14,80.14
69.71,69.71,62.20,85.78,84.18
71.78,71.78,63.05,87.12,81.41
82.01,82.01,55.65,84.86,82.00
79.49,79.49,55.69,85.83,83.35
80.21,80.21,56.95,86.09,84.51
69.10,69.10,56.33,85.06,83.57
65.56,65.56,55.58,86.69,79.45
66.09,66.09,52.19,85.00,83.30
69.21,69.21,47.54,86.75,82.10
76.70,76.70,45.26,84.66,83.81
76.64,76.64,43.05,84.51,83.58
76.17,76.17,42.60,86.53,84.68
76.18,76.18,41.34,84.67,81.11
76.33,76.33,38.56,86.39,78.11
74.91,74.91,37.99,84.76,77.84
73.43,73.43,38.13,85.78,79.43
77.91,77.91,34.69,85.53,79.97
83.79,83.79,36.29,83.60,79.77
82.99,82.99,39.77,85.80,75.02
82.32,82.32,42.82,84.03,73.27
83.27,83.27,44.25,85.02,74.07
82.76,82.76,45.60,83.55,73.19
82.33,82.33,44.14,83.54,72.85
82.65,82.65,43.88,84.84,73.31
82.00,82.00,44.05,82.81,71.92
81.10,81.10,46.29,84.34,72.12
81.52,81.52,48.46,82.67,73.12
82.34,82.34,51.93,82.97,73.64
83.84,83.84,50.90,83.16,71.57
85.19,85.19,51.66,81.41,73.78
83.63,83.63,53.26,83.12,72.23
82.52,82.52,53.03,81.11,71.40
78.94,78.94,54.16,82.21,73.23
74.17,74.17,58.19,81.01,71.52
74.47,74.47,59.79,80.67,68.18
74.13,74.13,71.77,81.62,70.82
78.26,78.26,72.69,79.11,72.07
80.61,80.61,72.41,79.94,70.48
80.34,80.34,76.82,79.11,73.61
69.81,69.81,76.68,79.13,70.13
61.98,61.98,73.88,75.30,70.79
69.01,69.01,70.23,73.93,70.22
73.14,73.14,76.18,76.57,70.71
68.79,68.79,76.56,75.25,69.83
74.43,74.43,75.26,74.71,75.52
81.58,81.58,68.56,70.64,79.22
80.27,80.27,75.38,81.13,80.64
76.86,76.86,78.88,85.96,84.77
75.62,75.62,78.20,83.03,84.95
74.44,74.44,69.85,73.82,84.66
76.18,76.18,71.17,80.63,85.49
78.69,78.69,76.32,79.49,81.16
76.55,76.55,76.46,79.33,82.88
73.29,73.29,74.59,74.94,84.83
70.80,70.80,70.11,79.27,83.04
77.22,77.22,71.74,80.43,84.77
77.59,77.59,74.07,76.52,82.77
79.25,79.25,73.78,78.23,81.66
78.44,78.44,71.32,77.51,83.59
69.80,69.80,71.03,78.78,82.51
62.94,62.94,69.25,75.04,82.71
62.91,62.91,68.22,75.19,82.14
60.55,60.55,69.17,74.31,80.05
57.96,57.96,71.33,72.98,81.25
57.52,57.52,71.32,71.43,81.56
55.77,55.77,68.80,69.42,81.64
51.78,51.78,66.90,67.80,81.51
50.55,50.55,65.93,69.38,80.30
51.33,51.33,65.75,70.28,79.62
55.08,55.08,66.78,65.68,78.77
56.17,56.17,68.03,66.44,79.85
57.31,57.31,67.47,68.79,79.76
63.50,63.50,65.44,72.37,81.28
68.76,68.76,60.57,70.61,79.78
75.20,75.20,60.88,69.80,77.29
79.76,79.76,63.04,69.04,77.05
81.75,81.75,63.91,69.09,76.35
78.87,78.87,62.75,70.67,79.38
78.89,78.89,60.55,71.35,80.74
79.84,79.84,58.13,72.33,79.40
78.33,78.33,58.05,73.48,79.55
77.41,77.41,58.80,72.76,78.58
80.04,80.04,58.92,71.92,77.18
79.14,79.14,56.84,73.00,78.11
78.07,78.07,55.35,71.03,77.24
77.08,77.08,54.79,72.32,77.70
80.36,80.36,55.58,70.43,76.42
72.23,72.23,54.99,71.37,75.99
72.06,72.06,57.15,71.77,77.82
74.20,74.20,55.83,70.54,76.76
73.58,73.58,53.99,70.05,78.35
68.02,68.02,49.19,68.50,74.05
67.92,67.92,46.25,69.35,76.51
75.42,75.42,44.26,67.09,76.36
76.81,76.81,44.94,66.82,76.01
75.86,75.86,43.84,65.85,75.02
74.50,74.50,42.39,64.97,74.09
84.06,84.06,44.91,63.56,75.34
84.35,84.35,47.36,63.22,78.17
81.24,81.24,49.00,56.37,76.59
81.99,81.99,48.37,58.61,74.02
79.37,79.37,48.85,66.40,74.78
77.26,77.26,49.76,68.09,74.00
79.76,79.76,49.01,69.05,76.49
80.05,80.05,48.79,65.08,73.79
80.11,80.11,46.05,64.24,72.88
73.35,73.35,42.28,62.27,72.18
71.58,71.58,40.83,63.11,77.49
74.31,74.31,38.77,54.18,81.22
74.49,74.49,40.17,57.03,79.10
74.07,74.07,40.98,61.20,81.18
73.56,73.56,42.44,61.93,81.70
69.59,69.59,45.81,65.23,79.11
68.08,68.08,56.83,63.76,78.22
65.89,65.89,69.04,58.09,80.43
63.85,63.85,78.55,52.59,79.66
64.00,64.00,77.45,39.74,78.09
72.03,72.03,76.82,21.30,75.99
78.11,78.11,78.24,8.28,74.82
80.02,80.02,77.22,4.23,76.04
82.03,82.03,75.93,7.09,74.58
80.57,80.57,75.61,13.11,73.52
80.34,80.34,74.61,15.38,74.49
80.69,80.69,74.92,23.35,72.52
79.51,79.51,73.85,40.99,73.80
78.84,78.84,74.07,53.04,72.75
76.68,76.68,73.68,62.11,71.58
73.56,73.56,72.94,80.18,75.06
71.49,71.49,74.32,83.63,73.43
72.88,72.88,71.99,78.80,72.79
73.51,73.51,69.01,72.37,73.68
78.20,78.20,68.81,76.82,69.45
82.33,82.33,69.83,77.05,72.03
80.32,80.32,69.57,68.45,71.74
72.82,72.82,68.59,68.01,71.01
72.09,72.09,66.21,62.07,73.48
83.16,83.16,54.90,61.44,74.97
83.66,83.66,51.07,77.64,80.73
78.27,78.27,60.60,82.69,83.39
72.82,72.82,55.64,72.33,83.14
72.16,72.16,57.95,80.08,84.14
71.91,71.91,59.26,77.99,82.37
69.19,69.19,55.72,75.96,83.08
71.49,71.49,51.53,78.01,83.22
76.65,76.65,50.08,76.47,81.00
75.16,75.16,51.15,78.06,82.25
74.73,74.73,51.32,75.69,82.47
76.81,76.81,51.66,77.36,80.83
77.70,77.70,52.15,77.12,80.39
75.90,75.90,50.44,74.13,80.69
75.51,75.51,49.87,73.96,81.79
76.77,76.77,50.17,73.48,80.64
78.87,78.87,51.70,72.63,80.06
79.30,79.30,52.27,73.99,78.96
79.16,79.16,51.63,71.77,80.24
79.56,79.56,50.90,69.18,78.68
78.39,78.39,51.38,68.58,80.82
76.62,76.62,51.89,69.36,81.28
76.86,76.86,52.92,71.03,79.12
79.65,79.65,52.91,69.01,78.93
84.30,84.30,54.92,65.30,77.54
85.35,85.35,53.15,63.64,78.00
86.42,86.42,51.85,66.24,76.74
86.45,86.45,50.33,67.68,76.49
85.58,85.58,47.92,67.25,76.75
85.33,85.33,46.76,66.31,75.89
82.83,82.83,48.98,64.42,73.93
83.53,83.53,48.18,59.31,78.53
82.84,82.84,49.31,61.05,79.27
78.87,78.87,50.33,57.37,80.09
79.49,79.49,50.45,62.60,80.21
79.07,79.07,50.95,59.72,82.86
79.72,79.72,54.70,60.35,81.68
81.26,81.26,55.91,58.70,81.82
79.91,79.91,55.51,57.92,82.72
79.56,79.56,56.33,56.12,80.18
80.16,80.16,55.58,54.79,80.54
80.32,80.32,54.99,58.00,80.60
81.30,81.30,53.43,59.46,82.25
81.34,81.34,53.78,60.62,80.81
80.69,80.69,54.54,58.06,80.23
81.23,81.23,52.52,58.21,80.36
82.03,82.03,52.88,57.90,79.38
82.77,82.77,54.45,56.96,80.31
83.28,83.28,51.79,57.08,79.20
81.62,81.62,51.71,50.61,77.53
80.80,80.80,52.76,51.20,75.07
79.99,79.99,59.57,52.23,76.95
77.54,77.54,66.53,55.44,76.18
78.98,78.98,80.10,57.90,76.11
71.24,71.24,80.55,58.33,75.82
65.50,65.50,78.45,61.91,76.93
60.75,60.75,79.27,59.73,77.14
57.43,57.43,78.44,54.83,77.42
58.21,58.21,78.07,49.31,76.53
57.86,57.86,77.74,47.50,76.35
62.50,62.50,76.14,44.05,74.45
68.15,68.15,75.44,41.39,76.68
79.47,79.47,74.27,41.81,82.69
77.99,77.99,73.60,42.81,82.88
78.58,78.58,74.97,36.64,82.52
75.85,75.85,74.26,28.65,81.53
79.14,79.14,71.23,31.90,79.30
78.91,78.91,70.32,34.50,79.73
76.93,76.93,71.81,33.33,76.81
78.25,78.25,71.97,31.22,76.99
75.43,75.43,72.05,30.67,75.02
78.32,78.32,69.91,36.50,76.51
76.39,76.39,69.59,36.99,76.31
78.61,78.61,68.75,37.35,75.16
79.73,79.73,66.58,39.04,73.59
78.60,78.60,66.10,39.12,72.61
78.83,78.83,64.69,33.11,73.33
76.11,76.11,66.36,31.32,71.12
77.76,77.76,65.24,28.53,72.95
77.03,77.03,61.39,27.12,70.63
79.07,79.07,64.28,17.89,68.59
79.70,79.70,81.81,5.18,70.77
80.24,80.24,77.71,3.14,68.67
79.51,79.51,75.74,4.64,70.19
76.21,76.21,78.55,9.05,68.80
74.71,74.71,75.60,8.45,67.69
77.71,77.71,76.68,7.48,67.23
78.63,78.63,75.18,13.18,68.98
74.12,74.12,74.95,34.44,68.20
72.68,72.68,74.92,57.17,72.16
76.18,76.18,74.72,60.51,73.15
83.01,83.01,74.36,71.08,77.71
80.77,80.77,67.48,85.46,85.92
78.23,78.23,63.08,83.65,82.38
76.91,76.91,69.41,76.99,82.97
78.14,78.14,72.66,74.11,83.75
77.88,77.88,69.79,75.28,84.31
79.09,79.09,66.08,73.78,83.01
78.60,78.60,57.71,76.59,83.95
77.68,77.68,59.24,76.45,81.53
78.45,78.45,66.98,73.55,84.28
75.49,75.49,68.54,72.99,81.45
76.07,76.07,72.01,74.86,83.59
79.79,79.79,72.35,72.77,83.29
83.35,83.35,72.94,71.24,82.10
81.74,81.74,72.83,72.03,82.11
74.83,74.83,72.59,69.88,78.84
76.07,76.07,71.93,69.61,81.96
77.64,77.64,70.98,71.53,82.70
75.56,75.56,70.11,71.53,79.46
75.25,75.25,67.25,70.54,81.41
75.05,75.05,65.01,69.76,80.42
75.66,75.66,61.06,67.91,78.24
70.83,70.83,56.30,66.54,80.22
68.55,68.55,59.91,66.96,78.89
67.18,67.18,57.46,66.78,79.36
76.59,76.59,59.46,66.17,77.70
78.35,78.35,59.04,64.87,78.78
76.60,76.60,60.00,63.38,77.09
75.51,75.51,60.22,62.79,76.15
76.01,76.01,58.61,60.50,75.32
70.63,70.63,58.57,61.59,77.00
77.90,77.90,60.52,58.92,81.61
79.81,79.81,63.74,60.09,85.24
81.97,81.97,62.62,60.38,80.86
81.81,81.81,62.32,60.70,82.63
81.55,81.55,60.26,59.36,83.87
79.71,79.71,59.11,56.07,82.84
79.07,79.07,58.75,55.44,82.40
79.91,79.91,57.77,54.81,81.99
81.76,81.76,57.48,53.67,82.78
79.51,79.51,55.47,56.57,81.98
79.58,79.58,55.05,58.08,78.92
79.30,79.30,54.86,54.76,81.63
79.92,79.92,56.44,55.03,78.43
79.01,79.01,55.68,52.55,81.22
81.79,81.79,53.87,52.64,79.96
79.71,79.71,54.54,53.37,80.51
80.55,80.55,54.32,51.28,79.04
78.90,78.90,52.83,52.70,80.64
79.65,79.65,53.81,54.82,78.17
76.50,76.50,55.07,59.20,74.08
69.03,69.03,54.48,58.34,76.56
78.59,78.59,55.69,56.54,71.39
82.33,82.33,55.33,58.05,75.56
79.86,79.86,54.24,57.81,74.03
79.29,79.29,53.91,57.43,74.01
78.81,78.81,53.71,58.29,72.00
77.22,77.22,52.69,57.35,72.08
77.34,77.34,53.14,57.73,72.57
78.87,78.87,53.67,57.82,75.52
79.02,79.02,53.24,54.02,76.49
78.03,78.03,54.18,57.37,79.73
75.80,75.80,59.37,48.96,77.83
72.72,72.72,61.80,48.10,77.15
75.06,75.06,62.56,52.44,77.12
74.92,74.92,60.87,51.35,79.42
73.51,73.51,60.52,49.94,75.77
79.40,79.40,59.01,51.68,77.11
77.06,77.06,57.03,54.39,78.84
77.65,77.65,56.43,54.90,76.78
78.18,78.18,56.28,52.14,74.96
79.58,79.58,55.50,49.36,77.54
78.94,78.94,57.75,51.49,74.54
77.41,77.41,57.07,52.13,75.12
78.33,78.33,53.56,50.32,74.04
78.12,78.12,54.77,50.02,77.20
75.26,75.26,54.48,46.67,75.40
77.85,77.85,54.02,46.09,74.90
81.37,81.37,51.77,38.02,75.17
81.14,81.14,49.97,53.78,74.14
76.26,76.26,52.11,59.89,73.07
77.24,77.24,52.01,70.07,76.30
77.33,77.33,53.70,87.10,73.55
78.49,78.49,57.16,78.63,73.91
79.65,79.65,58.31,77.65,75.02
80.45,80.45,57.53,81.17,71.54
79.53,79.53,56.02,80.48,76.04
77.70,77.70,60.01,80.54,72.18
80.80,80.80,62.30,79.23,75.52
78.67,78.67,68.92,75.71,76.77
75.94,75.94,71.42,76.49,75.30
79.19,79.19,67.65,72.78,80.34
79.35,79.35,68.82,83.77,81.33
78.34,78.34,69.66,83.60,81.61
77.31,77.31,71.47,81.84,82.80
76.89,76.89,72.45,80.90,83.51
77.40,77.40,73.41,80.54,83.39
79.33,79.33,73.53,80.91,83.10
78.79,78.79,73.59,79.52,83.66
74.65,74.65,74.00,78.87,82.21
75.72,75.72,72.52,77.76,82.86
77.01,77.01,72.53,78.48,84.07
79.46,79.46,70.92,78.20,81.28
79.46,79.46,69.73,77.73,81.11
79.33,79.33,70.67,77.43,83.45
79.99,79.99,68.81,75.34,79.21
73.84,73.84,68.53,77.79,83.61
75.16,75.16,68.73,76.73,82.97
75.44,75.44,68.30,77.87,83.03
74.62,74.62,67.71,76.21,82.72
76.21,76.21,67.81,75.52,82.13
78.82,78.82,67.95,75.62,80.39
75.93,75.93,66.43,74.70,82.36
76.77,76.77,65.72,74.53,79.89
71.95,71.95,66.49,74.43,82.07
65.77,65.77,66.13,74.63,81.37
58.79,58.79,67.59,74.99,78.49
56.57,56.57,66.56,73.81,80.34
54.23,54.23,64.67,75.48,80.70
56.73,56.73,64.77,75.06,80.29
58.49,58.49,64.63,73.98,79.73
53.79,53.79,64.97,74.09,80.98
55.32,55.32,64.15,73.77,77.61
48.00,48.00,64.53,73.09,79.92
53.24,53.24,64.52,72.04,78.49
53.88,53.88,63.82,72.04,80.59
55.50,55.50,63.32,72.05,79.98
50.44,50.44,65.02,71.68,80.69
51.60,51.60,63.28,71.51,78.47
48.56,48.56,62.85,71.20,79.12
46.27,46.27,63.36,70.74,75.81
47.14,47.14,62.59,69.96,80.09
45.02,45.02,61.65,70.32,78.69
42.23,42.23,62.47,70.27,80.76
45.76,45.76,62.39,69.40,78.18
50.02,50.02,61.16,69.40,80.30
45.29,45.29,60.78,69.01,78.03
41.10,41.10,61.94,68.40,79.39
42.64,42.64,59.84,68.00,78.70
41.35,41.35,61.43,68.37,78.37
37.53,37.53,58.47,69.44,78.62
37.78,37.78,59.80,68.16,80.41
43.26,43.26,59.55,67.77,76.56
42.63,42.63,59.45,68.14,79.23
44.25,44.25,58.66,67.98,76.81
38.95,38.95,60.19,68.00,77.69
44.22,44.22,59.45,69.06,76.28
53.33,53.33,56.86,68.67,79.14
55.00,55.00,57.37,67.50,77.31
76.91,76.91,57.70,69.55,78.82
80.23,80.23,56.31,69.90,78.73
81.13,81.13,56.54,68.31,77.95
79.93,79.93,59.67,68.44,77.06
80.14,80.14,62.40,68.86,75.79
80.55,80.55,63.03,69.27,77.54
81.09,81.09,63.88,68.67,75.41
80.37,80.37,64.00,68.50,76.93
79.31,79.31,63.76,69.62,77.24
81.34,81.34,62.11,69.84,76.62
82.52,82.52,62.43,68.92,74.07
81.70,81.70,63.57,68.58,76.59
79.98,79.98,63.08,68.74,73.82
77.99,77.99,61.63,69.48,76.18
76.83,76.83,61.22,67.31,70.77
64.14,64.14,61.32,69.71,65.84
67.17,67.17,61.12,69.74,63.70
73.16,73.16,60.77,69.57,65.85
79.96,79.96,60.48,69.96,66.10
81.33,81.33,59.19,70.16,66.46
82.25,82.25,59.09,70.07,65.39
81.23,81.23,59.78,68.73,64.60
80.20,80.20,58.87,69.40,65.01
80.01,80.01,59.30,69.33,63.69
79.44,79.44,59.44,69.26,65.61
78.45,78.45,60.51,68.59,65.35
79.50,79.50,58.23,70.94,66.21
80.44,80.44,57.58,70.91,65.08
80.19,80.19,56.98,69.92,63.93
79.98,79.98,54.88,66.57,68.11
77.86,77.86,55.48,69.04,69.67
78.48,78.48,54.81,70.99,69.53
78.53,78.53,53.47,68.63,72.72
78.47,78.47,54.44,74.88,84.68
76.72,76.72,56.07,86.32,84.40
74.64,74.64,58.10,85.90,83.82
78.50,78.50,57.45,76.03,84.67
81.99,81.99,54.82,77.11,83.14
80.63,80.63,53.44,78.80,83.06
78.57,78.57,53.56,74.57,83.29
79.14,79.14,54.40,75.20,82.51
77.38,77.38,54.51,73.53,83.58
80.93,80.93,55.00,73.86,84.26
81.29,81.29,56.51,74.58,83.06
79.86,79.86,54.52,74.23,81.52
77.86,77.86,53.96,75.48,81.82
73.43,73.43,54.13,73.23,82.98
71.13,71.13,55.18,73.07,82.46
65.66,65.66,51.91,72.77,81.75
58.52,58.52,49.14,74.08,81.39
68.23,68.23,45.39,73.25,81.40
66.71,66.71,40.98,72.51,81.11
75.96,75.96,43.97,73.07,80.88
74.69,74.69,45.28,74.79,81.99
73.87,73.87,47.92,73.35,81.96
73.83,73.83,48.26,72.14,81.68
72.25,72.25,48.32,72.38,79.95
73.03,73.03,47.30,70.31,81.68
72.84,72.84,48.88,68.12,82.03
73.08,73.08,50.03,65.45,81.07
71.85,71.85,49.00,66.27,79.33
70.43,70.43,49.51,66.40,79.34
66.48,66.48,49.88,68.41,78.66
62.06,62.06,50.49,66.94,79.42
59.07,59.07,53.71,69.26,79.68
57.69,57.69,55.73,66.49,79.59
57.37,57.37,57.49,64.75,79.95
55.27,55.27,56.17,66.72,79.41
55.23,55.23,55.62,66.32,77.65
55.58,55.58,54.29,66.13,78.43
56.07,56.07,54.41,66.80,79.69
55.98,55.98,51.50,62.49,79.78
55.92,55.92,51.61,62.52,77.62
55.11,55.11,51.96,62.46,77.37
54.22,54.22,52.34,62.11,78.26
53.62,53.62,52.40,63.60,77.99
54.76,54.76,51.83,64.28,77.11
51.81,51.81,52.49,62.98,76.86
52.89,52.89,52.43,60.80,76.61
50.96,50.96,51.37,61.05,75.34
49.01,49.01,50.68,61.26,74.42
46.52,46.52,48.51,60.96,74.98
45.00,45.00,47.29,61.93,78.80
38.89,38.89,46.74,61.77,77.59
40.89,40.89,48.47,59.42,77.84
36.48,36.48,48.62,59.71,76.39
36.94,36.94,48.94,60.83,77.02
38.88,38.88,50.10,59.99,78.05
38.91,38.91,49.73,60.24,77.63
41.48,41.48,50.06,61.27,76.22
50.39,50.39,50.05,59.86,76.27
54.91,54.91,49.64,59.17,74.81
73.62,73.62,45.53,57.93,73.54
84.42,84.42,44.20,55.53,75.95
85.06,85.06,43.87,56.49,75.94
84.38,84.38,45.48,52.20,75.83
82.55,82.55,47.40,50.72,74.24
81.40,81.40,47.78,54.33,74.74
81.64,81.64,48.21,49.01,74.43
80.36,80.36,49.06,53.96,72.25
80.58,80.58,49.53,45.60,74.53
80.66,80.66,47.73,52.04,74.90
79.46,79.46,46.59,49.01,73.28
81.52,81.52,47.99,54.78,72.76
81.32,81.32,47.45,51.84,72.97
79.96,79.96,46.83,50.90,74.27
79.61,79.61,46.98,51.25,73.82
78.85,78.85,47.29,51.16,72.71
80.54,80.54,48.35,49.77,71.20
82.03,82.03,46.84,52.16,73.74
82.03,82.03,46.29,42.95,73.52
81.41,81.41,45.96,48.94,72.57
76.56,76.56,44.25,46.78,70.92
73.46,73.46,44.39,47.57,71.23
70.32,70.32,44.94,44.76,69.54
70.41,70.41,47.27,45.09,69.78
69.06,69.06,47.47,41.52,70.49
67.25,67.25,46.67,42.41,72.56
66.80,66.80,50.10,45.95,72.73
66.43,66.43,49.01,45.78,71.40
67.91,67.91,46.39,37.01,72.81
69.77,69.77,43.91,37.52,74.92
69.76,69.76,44.11,42.74,75.09
73.66,73.66,40.94,44.32,74.97
82.25,82.25,45.95,44.53,72.19
79.85,79.85,47.82,42.63,73.91
80.68,80.68,50.19,39.99,73.25
81.71,81.71,47.77,38.53,70.76
81.33,81.33,45.85,41.87,73.76
81.59,81.59,44.69,40.45,72.41
81.14,81.14,45.12,42.28,72.52
79.61,79.61,43.16,38.57,69.93
78.02,78.02,42.73,39.09,72.37
78.98,78.98,40.89,34.32,72.21
78.93,78.93,41.22,30.86,71.48
78.21,78.21,41.64,40.35,71.90
81.33,81.33,39.98,39.41,73.10
81.18,81.18,41.68,38.96,71.47
77.58,77.58,44.53,33.04,74.29
71.38,71.38,46.32,37.40,74.63
68.55,68.55,48.59,31.61,73.04
68.62,68.62,56.14,21.02,74.57
65.40,65.40,51.87,19.36,75.40
60.96,60.96,48.78,20.38,74.58
56.78,56.78,50.11,22.55,73.00
54.61,54.61,51.05,18.67,74.65
52.34,52.34,49.26,19.19,74.40
54.33,54.33,48.35,18.73,73.80
55.99,55.99,49.15,23.55,76.18
57.09,57.09,47.08,26.88,72.19
57.55,57.55,43.69,28.25,72.54
63.84,63.84,45.24,41.28,74.14
70.06,70.06,43.81,54.56,70.79
78.90,78.90,40.58,55.50,71.43
77.23,77.23,40.16,73.64,69.93
77.22,77.22,42.93,85.35,68.59
76.74,76.74,44.49,84.96,69.97
76.90,76.90,45.55,76.29,71.68
77.51,77.51,45.95,76.42,67.14
77.73,77.73,43.00,77.36,71.45
78.29,78.29,42.92,74.78,70.82
78.64,78.64,41.16,74.21,67.58
78.97,78.97,40.95,69.87,71.24
79.19,79.19,40.84,72.36,68.74
79.80,79.80,37.55,73.76,67.65
78.63,78.63,36.87,72.30,69.81
77.87,77.87,41.69,73.25,68.18
77.52,77.52,39.06,70.66,68.15
78.79,78.79,37.78,69.34,69.73
82.02,82.02,38.64,70.23,67.00
81.21,81.21,40.14,70.58,78.75
78.63,78.63,42.96,70.66,82.52
80.15,80.15,45.06,69.13,82.13
80.37,80.37,42.38,68.07,82.76
79.45,79.45,42.11,70.45,83.23
80.53,80.53,38.60,69.33,83.56
82.16,82.16,32.99,67.87,83.10
77.17,77.17,30.55,67.17,83.32
76.42,76.42,30.43,67.69,82.98
74.66,74.66,39.42,64.08,83.16
73.79,73.79,31.93,63.14,82.69
72.88,72.88,31.72,66.25,82.48
73.62,73.62,32.17,66.92,81.44
73.99,73.99,34.29,67.73,83.15
73.72,73.72,38.65,79.78,82.50
69.90,69.90,39.92,88.08,81.88
68.14,68.14,40.14,83.90,82.67
65.83,65.83,44.32,81.64,82.26
73.05,73.05,47.75,74.73,82.05
84.04,84.04,49.07,78.43,80.78
83.38,83.38,50.41,76.12,79.79
81.33,81.33,50.00,77.17,78.81
79.79,79.79,49.84,77.80,81.30
80.05,80.05,49.67,76.41,81.53
78.94,78.94,48.77,74.81,79.82
77.39,77.39,47.52,72.63,75.90
78.58,78.58,49.65,72.26,75.10
79.22,79.22,48.81,74.26,75.55
78.75,78.75,47.56,72.47,71.28
78.15,78.15,47.09,70.22,62.48
76.01,76.01,47.90,69.85,67.70
78.78,78.78,46.08,68.99,72.01
78.68,78.68,46.66,70.56,74.34
76.10,76.10,44.76,68.26,70.89
75.32,75.32,40.37,69.63,66.44
76.93,76.93,32.91,70.03,72.42
76.64,76.64,32.73,69.11,74.79
74.52,74.52,32.63,68.20,73.26
74.45,74.45,33.02,68.18,68.58
74.55,74.55,34.37,68.50,63.92
73.57,73.57,39.92,65.43,71.29
74.05,74.05,38.98,70.59,71.95
70.02,70.02,40.48,68.70,68.37
64.21,64.21,43.37,65.73,65.59
59.74,59.74,45.26,73.94,71.35
62.27,62.27,50.61,83.17,72.01
66.85,66.85,54.63,83.30,77.81
67.71,67.71,53.46,82.14,78.45
76.46,76.46,52.83,84.12,78.56
78.26,78.26,50.19,83.41,80.19
78.70,78.70,49.85,84.88,83.62
79.75,79.75,49.70,81.57,80.68
78.86,78.86,48.09,83.14,77.04
79.36,79.36,48.49,83.31,79.30
77.88,77.88,46.95,83.77,80.46
76.61,76.61,47.56,83.30,80.89
76.45,76.45,46.90,81.71,77.20
75.27,75.27,45.62,83.35,77.54
73.92,73.92,45.55,81.22,78.32
75.67,75.67,43.60,82.71,81.17
76.67,76.67,43.70,80.22,78.99
75.64,75.64,44.28,82.59,77.06
76.71,76.71,43.99,80.42,78.12
76.70,76.70,44.76,81.93,78.47
78.05,78.05,45.26,79.62,78.77
76.93,76.93,46.96,80.44,75.50
79.02,79.02,46.83,81.09,76.14
78.99,78.99,46.59,80.12,76.54
76.99,76.99,48.36,80.89,76.62
76.60,76.60,47.43,78.40,76.71
75.99,75.99,46.39,80.05,75.15
76.49,76.49,47.40,78.06,75.70
78.17,78.17,48.81,79.51,77.00
77.29,77.29,46.85,77.90,75.78
77.09,77.09,47.09,78.76,74.97
76.64,76.64,48.32,78.76,74.32
76.50,76.50,51.60,77.15,75.13
79.09,79.09,52.78,77.99,77.16
78.46,78.46,52.59,75.42,73.96
78.58,78.58,53.16,77.98,70.72
77.12,77.12,53.86,75.28,74.13
77.45,77.45,52.55,76.91,74.82
76.02,76.02,52.94,74.96,73.25
76.59,76.59,53.50,75.52,71.92
75.95,75.95,53.40,75.30,69.35
75.19,75.19,55.39,74.13,70.60
76.35,76.35,56.90,74.66,71.93
78.80,78.80,57.65,73.21,70.99
80.23,80.23,55.66,74.17,71.39
80.92,80.92,55.04,72.86,69.13
80.11,80.11,54.79,73.67,70.20
78.20,78.20,54.15,72.98,70.08
79.71,79.71,53.82,71.32,71.19
76.50,76.50,54.40,72.56,69.57
75.76,75.76,53.25,69.96,71.53
75.75,75.75,54.30,72.21,70.88
76.72,76.72,53.47,68.45,68.58
74.56,74.56,51.22,71.79,72.15
73.20,73.20,53.21,68.83,72.03
70.05,70.05,52.42,70.34,73.68
64.65,64.65,53.09,68.43,71.79
60.50,60.50,54.09,67.46,68.79
60.15,60.15,52.67,68.27,71.71
58.80,58.80,49.96,67.10,74.77
59.83,59.83,51.46,67.30,73.68
57.37,57.37,51.55,66.31,72.37
58.43,58.43,56.45,66.74,70.97
56.24,56.24,57.15,65.83,74.08
57.02,57.02,57.07,64.75,73.54
56.72,56.72,56.86,65.62,72.66
55.89,55.89,55.82,64.58,72.14
57.82,57.82,55.38,63.39,71.56
57.51,57.51,54.79,60.74,72.04
54.44,54.44,54.59,63.72,72.37
58.32,58.32,53.15,60.64,71.58
56.11,56.11,52.62,62.65,71.94
55.15,55.15,53.07,59.52,72.89
53.74,53.74,52.34,61.57,71.38
53.37,53.37,50.69,60.20,71.21
54.13,54.13,51.15,57.73,71.69
54.68,54.68,51.35,56.56,72.66
56.65,56.65,49.18,55.67,72.39
58.98,58.98,46.45,57.11,70.28
63.44,63.44,39.61,54.95,67.72
66.75,66.75,37.85,53.68,71.97
70.76,70.76,36.82,54.13,68.41
72.18,72.18,35.27,55.42,68.67
75.52,75.52,35.99,49.16,69.03
73.85,73.85,35.94,48.96,65.28
72.14,72.14,39.07,50.25,66.85
72.85,72.85,39.62,48.11,67.49
72.04,72.04,42.52,47.00,68.89
74.52,74.52,42.37,41.91,66.71
74.54,74.54,42.42,39.78,67.31
65.77,65.77,45.05,42.46,64.91
70.75,70.75,51.03,37.12,69.32
76.62,76.62,56.36,38.10,80.21
76.03,76.03,57.30,37.49,81.01
73.69,73.69,57.23,32.78,80.60
70.88,70.88,55.68,31.49,79.70
69.95,69.95,55.18,32.55,80.76
70.26,70.26,53.93,40.56,80.23
70.14,70.14,52.97,38.43,79.02
70.49,70.49,51.39,44.13,77.40
73.91,73.91,50.19,41.34,78.40
76.42,76.42,49.10,42.76,79.61
75.54,75.54,48.87,44.88,79.50
73.19,73.19,47.59,46.48,77.16
69.69,69.69,48.16,44.37,77.70
64.30,64.30,48.20,50.33,77.66
64.70,64.70,48.24,49.59,78.52
62.10,62.10,48.32,51.36,77.30
66.01,66.01,48.47,49.32,76.04
69.14,69.14,47.53,51.56,75.09
73.73,73.73,46.07,49.80,76.77
71.36,71.36,47.19,48.82,75.78
64.93,64.93,48.15,50.18,75.81
57.88,57.88,50.14,47.50,74.56
53.73,53.73,48.68,49.54,73.39
53.32,53.32,48.96,50.49,75.44
49.35,49.35,47.74,53.08,74.14
49.08,49.08,46.87,50.96,72.16
49.06,49.06,47.13,50.32,73.89
45.33,45.33,48.16,50.06,72.91
48.65,48.65,46.64,51.53,73.32
46.52,46.52,46.57,51.87,72.67
47.62,47.62,47.55,51.29,71.61
42.70,42.70,47.99,54.27,71.37
43.62,43.62,47.63,51.93,72.80
43.59,43.59,48.25,54.27,73.56
42.14,42.14,46.75,51.44,72.00
39.21,39.21,47.03,54.85,72.15
37.68,37.68,45.94,53.44,72.88
42.28,42.28,46.51,53.70,73.07
37.58,37.58,45.99,50.96,71.14
43.55,43.55,44.21,52.43,70.19
38.06,38.06,44.66,51.93,71.76
37.54,37.54,44.52,53.83,72.38
36.18,36.18,45.46,53.18,70.60
34.40,34.40,45.71,54.46,70.27
35.52,35.52,45.71,52.50,70.76
35.84,35.84,44.75,53.42,70.65
34.43,34.43,44.56,51.04,70.61
33.02,33.02,45.25,55.22,70.64
31.93,31.93,45.30,52.01,70.50
31.60,31.60,47.21,55.78,69.90
31.31,31.31,47.36,51.93,70.66
27.54,27.54,48.11,55.98,70.13
25.74,25.74,60.14,51.61,69.50
25.35,25.35,60.79,54.05,69.38
25.56,25.56,58.93,52.89,69.28
26.91,26.91,57.20,55.52,69.66
29.55,29.55,56.80,52.87,68.63
29.70,29.70,55.59,53.43,66.83
31.03,31.03,54.46,53.17,69.53
30.67,30.67,53.40,53.82,69.52
32.63,32.63,53.58,53.43,67.05
30.65,30.65,53.30,53.17,67.15
31.24,31.24,51.40,53.27,67.85
32.01,32.01,50.76,54.00,69.29
32.93,32.93,50.96,53.10,67.10
33.49,33.49,50.42,54.76,66.50
32.11,32.11,50.37,52.61,66.55
33.31,33.31,49.06,54.95,68.32
34.05,34.05,48.53,51.23,66.64
35.10,35.10,48.84,54.73,66.67
34.47,34.47,47.81,50.84,66.48
33.93,33.93,48.77,54.38,67.73
31.48,31.48,47.94,51.61,66.32
31.11,31.11,48.78,53.83,65.43
31.25,31.25,47.62,52.26,64.66
32.25,32.25,47.86,51.62,66.11
31.72,31.72,47.69,51.93,67.85
31.41,31.41,47.84,51.57,65.47
30.62,30.62,47.50,52.61,65.18
30.15,30.15,47.29,50.85,64.90
31.32,31.32,47.64,52.12,65.60
31.43,31.43,47.45,50.67,66.95
30.11,30.11,48.10,52.33,65.30
29.78,29.78,46.89,51.23,65.74
28.92,28.92,48.42,51.65,65.66
28.67,28.67,47.96,51.90,64.58
27.68,27.68,46.72,51.08,65.72
28.64,28.64,46.57,53.27,62.92
29.97,29.97,45.68,52.28,62.45
29.08,29.08,44.56,55.86,62.52
29.99,29.99,43.53,55.22,64.02
29.81,29.81,44.27,58.62,64.12
28.50,28.50,46.27,57.58,61.99
27.64,27.64,44.64,59.03,63.11
26.66,26.66,44.50,56.31,64.37
26.12,26.12,45.32,57.73,63.90
24.19,24.19,44.21,52.67,63.46
24.55,24.55,44.17,53.50,62.51
32.89,32.89,42.33,49.34,62.46
48.00,48.00,41.95,45.42,66.42
53.77,53.77,44.75,45.96,68.61
57.63,57.63,45.93,42.65,69.34
75.07,75.07,41.21,37.70,67.64
79.93,79.93,39.17,36.84,68.13
79.91,79.91,40.33,39.24,66.54
79.67,79.67,41.19,39.42,68.46
81.16,81.16,40.59,36.79,66.19
80.80,80.80,46.37,25.88,66.70
80.99,80.99,40.43,28.90,66.22
80.53,80.53,44.89,25.37,66.79
79.30,79.30,41.57,27.67,65.66
75.54,75.54,48.80,24.74,65.81
69.05,69.05,38.88,24.59,65.68
71.87,71.87,46.70,20.85,65.82
67.97,67.97,40.06,25.25,64.20
65.36,65.36,47.65,22.28,68.65
65.57,65.57,37.96,17.62,70.90
63.79,63.79,43.11,20.98,67.25
61.81,61.81,37.25,19.20,67.63
61.13,61.13,38.28,19.53,67.25
63.83,63.83,38.11,25.37,65.54
79.00,79.00,45.96,29.14,61.40
79.68,79.68,43.56,16.60,62.63
80.36,80.36,36.99,21.84,60.83
78.90,78.90,42.25,18.38,59.25
80.18,80.18,38.67,21.81,61.96
80.58,80.58,40.38,23.99,60.33
82.08,82.08,38.83,22.02,60.00
72.43,72.43,43.47,23.03,62.04
73.06,73.06,42.60,15.91,60.48
67.05,67.05,39.14,9.63,65.17
62.33,62.33,39.47,16.00,59.35
66.34,66.34,34.77,21.37,64.02
62.64,62.64,40.07,30.44,65.72
63.96,63.96,40.09,35.85,65.87
64.15,64.15,38.50,26.01,72.04
61.17,61.17,39.69,24.96,71.93
59.56,59.56,42.22,22.88,72.44
70.87,70.87,40.26,22.67,70.49
80.39,80.39,36.76,22.94,69.29
79.52,79.52,34.20,27.89,71.56
77.32,77.32,37.89,34.47,72.39
77.51,77.51,35.13,34.43,71.87
78.31,78.31,33.88,34.63,71.87
75.84,75.84,34.14,34.34,71.41
72.78,72.78,36.90,35.03,71.11
72.63,72.63,35.50,30.25,70.59
75.64,75.64,36.50,33.76,70.35
77.12,77.12,36.62,31.65,69.07
74.80,74.80,38.58,31.16,69.52
75.79,75.79,39.64,33.51,67.78
66.61,66.61,38.85,31.01,70.41
71.34,71.34,36.24,31.48,71.13
68.41,68.41,35.92,28.82,70.16
63.49,63.49,42.44,38.53,70.75
71.84,71.84,46.10,31.89,70.97
69.87,69.87,34.83,34.01,68.88
60.66,60.66,40.04,30.02,69.50
48.65,48.65,38.89,26.89,68.11
51.35,51.35,39.08,26.16,67.71
53.16,53.16,38.56,27.46,67.18
46.50,46.50,37.88,25.27,65.33
45.34,45.34,37.81,27.55,66.53
44.74,44.74,39.70,21.56,64.14
41.49,41.49,33.49,20.46,65.40
48.66,48.66,33.02,21.90,65.91
43.02,43.02,31.33,30.18,66.11
27.60,27.60,37.49,29.27,66.98
32.48,32.48,40.11,28.31,68.41
39.70,39.70,39.92,29.79,68.96
38.71,38.71,41.71,34.19,67.53
42.71,42.71,42.07,30.72,66.29
36.88,36.88,41.64,33.74,66.44
33.52,33.52,39.75,33.30,66.86
30.97,30.97,43.56,32.61,66.27
31.25,31.25,41.78,27.71,65.38
31.48,31.48,41.81,26.12,64.30
32.96,32.96,41.11,27.83,64.52
29.16,29.16,42.75,27.27,65.07
24.43,24.43,41.78,27.42,64.23
24.53,24.53,41.68,30.35,63.28
21.69,21.69,43.14,28.33,63.74
18.43,18.43,41.12,26.28,64.27
17.68,17.68,42.29,27.74,61.89
23.87,23.87,43.25,27.64,62.85
41.62,41.62,39.49,32.08,62.09
51.26,51.26,39.39,38.32,60.47
55.91,55.91,32.81,36.03,60.71
71.14,71.14,41.84,39.53,63.46
80.50,80.50,41.55,36.51,61.05
79.77,79.77,39.52,36.17,57.87
78.11,78.11,38.21,32.12,59.47
78.21,78.21,39.08,28.60,59.40
78.66,78.66,38.81,25.76,56.20
78.47,78.47,38.81,24.91,58.33
73.84,73.84,35.92,25.80,59.42
71.60,71.60,36.90,26.06,59.58
72.66,72.66,32.00,26.74,61.63
57.99,57.99,37.83,33.73,58.04
64.97,64.97,46.81,42.46,57.29
74.21,74.21,42.86,39.89,58.85
81.63,81.63,42.55,42.07,61.64
83.28,83.28,40.52,43.61,62.34
83.26,83.26,40.25,42.04,61.64
83.28,83.28,33.89,39.17,61.37
84.32,84.32,35.65,35.43,63.44
84.49,84.49,43.01,38.36,62.57
84.83,84.83,41.74,37.38,69.28
83.96,83.96,37.47,37.38,71.82
83.75,83.75,34.34,32.15,78.52
82.72,82.72,35.86,31.64,78.66
81.98,81.98,35.79,30.38,79.57
81.29,81.29,37.59,27.17,78.07
82.33,82.33,37.47,24.34,78.44
83.99,83.99,32.52,24.32,78.79
84.06,84.06,35.67,28.23,79.15
84.10,84.10,39.59,27.67,80.17
83.41,83.41,29.25,28.00,80.51
82.79,82.79,32.26,24.80,83.07
81.75,81.75,36.91,21.61,83.07
81.25,81.25,37.92,17.14,84.00
77.66,77.66,30.30,10.00,83.24
61.44,61.44,29.41,17.45,82.99
61.43,61.43,31.17,15.85,81.98
61.90,61.90,39.24,22.94,81.92
63.12,63.12,33.84,23.58,80.53
65.51,65.51,40.63,35.94,80.40
70.55,70.55,37.90,37.16,78.73
69.46,69.46,34.16,38.60,77.22
67.11,67.11,38.40,26.86,76.90
65.42,65.42,33.85,30.25,74.11
61.37,61.37,35.33,29.77,74.14
63.37,63.37,45.54,32.09,71.31
60.51,60.51,43.14,29.88,72.72
75.27,75.27,42.40,23.46,70.32
78.71,78.71,42.65,27.72,72.28
80.38,80.38,40.47,24.14,69.25
81.03,81.03,35.41,28.72,70.38
81.68,81.68,30.39,32.87,68.41
80.80,80.80,35.13,28.86,68.41
79.96,79.96,35.51,28.22,64.69
81.11,81.11,32.32,26.02,68.88
81.39,81.39,29.96,27.79,64.60
80.19,80.19,30.29,28.24,68.57
78.04,78.04,33.57,26.89,65.36
75.45,75.45,33.90,31.16,65.03
67.27,67.27,31.17,26.24,64.74
64.07,64.07,29.64,35.72,64.93
62.22,62.22,30.53,30.46,64.30
53.78,53.78,31.56,33.98,65.15
58.31,58.31,32.46,34.69,64.53
55.34,55.34,33.68,29.66,63.42
68.57,68.57,36.63,36.59,63.57
77.53,77.53,31.60,28.69,63.21
79.44,79.44,27.79,25.22,62.23
78.09,78.09,28.66,29.79,61.28
77.32,77.32,27.85,26.09,62.36
77.83,77.83,31.16,33.83,60.19
79.51,79.51,29.64,30.05,60.70
81.05,81.05,26.00,33.34,60.32
79.67,79.67,30.39,23.84,59.78
76.29,76.29,29.67,37.34,59.98
73.45,73.45,28.61,36.45,60.26
77.39,77.39,28.96,35.72,60.39
76.51,76.51,28.13,34.48,59.53
76.73,76.73,29.21,28.84,60.25
77.76,77.76,29.58,34.85,60.14
78.29,78.29,29.91,36.64,59.59
75.67,75.67,33.29,33.86,59.84
74.04,74.04,34.64,32.50,58.73
70.83,70.83,37.67,29.49,59.69
62.91,62.91,45.15,41.63,56.89
53.25,53.25,45.06,36.61,59.10
63.04,63.04,40.19,30.06,59.56
65.65,65.65,43.95,25.96,59.23
55.69,55.69,43.09,20.67,58.41
58.15,58.15,44.37,23.15,58.07
56.83,56.83,44.61,25.99,56.96
46.98,46.98,44.82,22.15,55.95
45.88,45.88,49.35,27.80,56.84
48.57,48.57,47.03,30.12,55.60
53.40,53.40,47.90,27.46,56.44
50.90,50.90,49.71,26.00,56.20
45.80,45.80,48.79,30.35,55.73
46.24,46.24,49.27,27.41,56.46
47.54,47.54,48.81,25.68,56.75
47.24,47.24,51.00,27.07,56.25
36.64,36.64,52.08,29.01,53.52
33.86,33.86,53.13,31.64,52.36
42.41,42.41,55.16,34.76,49.31
46.81,46.81,57.04,38.12,47.58
46.19,46.19,57.88,39.52,46.50
42.48,42.48,57.88,39.00,45.10
55.59,55.59,57.71,37.47,42.81
61.25,61.25,57.21,35.97,45.17
67.47,67.47,57.05,36.00,48.96
68.45,68.45,55.91,37.60,48.18
72.09,72.09,52.18,39.21,46.60
71.07,71.07,41.75,35.56,50.43
72.82,72.82,45.47,29.68,63.77
69.79,69.79,36.18,17.11,68.91
75.69,75.69,25.33,7.55,71.92
82.04,82.04,36.81,10.57,70.09
82.90,82.90,33.69,13.80,70.72
83.65,83.65,28.38,7.18,66.27
83.34,83.34,33.43,6.89,65.30
83.30,83.30,37.13,20.88,68.11
82.42,82.42,35.48,17.29,67.08
82.76,82.76,35.34,22.91,65.44
83.24,83.24,34.63,18.95,66.06
82.67,82.67,33.83,25.14,63.25
84.74,84.74,29.71,22.88,64.85
86.53,86.53,28.62,26.42,63.48
86.69,86.69,28.02,27.01,62.79
86.19,86.19,25.31,22.75,65.01
84.31,84.31,24.07,26.05,64.82
77.83,77.83,22.37,25.14,65.15
70.79,70.79,20.75,23.92,64.44
63.38,63.38,24.51,25.17,63.76
60.44,60.44,26.78,26.20,61.75
62.28,62.28,24.61,26.03,67.75
64.48,64.48,24.90,32.76,65.01
72.69,72.69,30.30,32.81,65.27
75.42,75.42,28.11,30.30,68.96
78.11,78.11,28.66,32.54,60.72
80.05,80.05,27.57,25.24,66.29
80.22,80.22,24.97,27.45,62.80
80.23,80.23,25.29,25.91,63.60
80.11,80.11,25.69,24.07,66.75
79.68,79.68,23.98,18.50,63.89
77.83,77.83,23.29,20.83,63.70
77.32,77.32,23.69,36.21,60.29
77.57,77.57,20.89,30.59,73.84
77.98,77.98,17.72,25.11,78.30
78.38,78.38,21.61,30.68,80.05
80.52,80.52,21.44,30.75,78.95
80.11,80.11,22.77,34.91,76.68
80.48,80.48,31.34,31.13,75.53
79.46,79.46,28.22,36.12,76.84
80.13,80.13,30.72,33.99,77.13
81.12,81.12,32.11,37.96,76.38
79.88,79.88,30.21,36.24,76.44
79.40,79.40,27.72,32.68,75.64
79.39,79.39,29.67,41.51,75.08
77.64,77.64,32.23,34.70,75.02
76.74,76.74,26.87,38.08,77.25
75.08,75.08,24.23,32.83,76.92
75.69,75.69,26.52,33.81,75.39
76.91,76.91,29.59,28.53,75.29
67.43,67.43,28.63,32.45,74.20
62.07,62.07,25.48,32.97,75.20
59.87,59.87,28.60,34.20,73.76
53.26,53.26,30.40,32.67,74.03
54.47,54.47,35.58,31.05,71.30
50.68,50.68,36.37,30.28,71.41
51.77,51.77,37.68,26.65,71.12
50.27,50.27,38.14,22.09,72.04
49.29,49.29,43.10,22.78,72.25
46.68,46.68,43.85,24.70,72.45
48.86,48.86,42.06,18.52,71.22
47.41,47.41,38.03,17.77,69.69
50.18,50.18,36.25,27.93,69.50
54.88,54.88,34.95,23.68,69.80
62.28,62.28,38.64,25.67,69.04
74.07,74.07,37.65,7.61,70.42
77.97,77.97,32.43,2.23,70.91
77.91,77.91,31.63,4.70,70.95
77.93,77.93,33.19,15.89,70.94
76.75,76.75,32.19,14.01,69.36
77.95,77.95,34.46,21.31,71.25
79.30,79.30,33.88,21.16,71.15
78.50,78.50,35.60,31.62,70.60
77.60,77.60,34.82,26.44,71.01
74.16,74.16,31.85,29.80,70.71
72.57,72.57,30.18,23.68,70.16
71.57,71.57,30.12,30.18,70.64
72.92,72.92,35.23,27.09,70.57
74.53,74.53,34.94,34.10,70.42
76.61,76.61,33.79,18.92,70.22
76.45,76.45,34.53,15.83,69.93
74.53,74.53,39.15,18.30,69.00
74.71,74.71,35.77,16.34,68.17
74.96,74.96,40.04,15.65,68.08
72.19,72.19,44.89,20.89,66.31
71.35,71.35,39.93,21.07,66.60
69.63,69.63,38.69,14.15,65.40
66.73,66.73,38.20,17.50,65.02
69.41,69.41,41.81,23.16,65.41
70.45,70.45,34.28,14.71,64.13
71.53,71.53,39.88,17.85,63.52
74.64,74.64,37.71,13.59,64.35
74.97,74.97,33.17,15.81,64.80
75.71,75.71,40.74,13.20,63.36
73.89,73.89,40.05,12.77,64.70
70.28,70.28,38.75,13.62,62.80
69.57,69.57,33.87,6.58,64.13
66.40,66.40,38.09,19.16,63.13
73.20,73.20,34.25,22.93,62.09
75.33,75.33,25.92,19.71,58.54
80.60,80.60,33.91,29.16,59.04
79.35,79.35,32.81,32.33,63.52
78.07,78.07,37.18,37.29,66.40
78.05,78.05,35.90,34.49,64.68
79.79,79.79,33.20,33.75,67.84
78.88,78.88,34.10,36.75,65.62
80.30,80.30,33.00,29.47,63.16
79.50,79.50,34.15,34.04,63.46
79.82,79.82,30.69,26.50,65.92
78.77,78.77,30.08,34.82,66.42
77.22,77.22,27.50,31.39,63.90
75.56,75.56,26.69,31.04,63.31
76.17,76.17,20.72,27.48,63.36
77.65,77.65,22.68,23.04,63.34
78.39,78.39,27.94,28.02,62.98
78.77,78.77,25.61,18.37,61.40
78.67,78.67,28.06,18.49,61.63
77.10,77.10,34.70,20.61,62.33
75.25,75.25,33.68,21.75,62.64
70.63,70.63,43.20,28.25,63.04
63.87,63.87,35.57,19.31,61.28
62.89,62.89,33.42,22.60,62.41
61.51,61.51,34.93,26.21,61.15
63.77,63.77,37.06,31.94,60.79
63.47,63.47,37.31,26.42,60.17
60.15,60.15,37.84,24.47,60.10
53.71,53.71,41.30,33.63,60.94
51.51,51.51,39.09,34.73,61.51
48.50,48.50,36.62,31.97,61.12
47.88,47.88,39.47,34.19,61.41
51.98,51.98,37.75,37.04,60.39
49.00,49.00,36.14,30.24,60.99
48.54,48.54,33.23,30.58,60.76
52.05,52.05,30.15,27.31,60.27
53.04,53.04,38.38,29.37,59.03
77.05,77.05,46.94,26.08,57.48
80.47,80.47,43.65,25.95,57.11
79.58,79.58,35.97,25.16,58.60
78.61,78.61,31.57,19.63,58.83
78.99,78.99,31.57,30.05,61.01
78.18,78.18,30.06,30.76,61.62
76.43,76.43,26.35,31.18,63.34
78.32,78.32,29.27,35.24,65.86
79.66,79.66,29.23,28.97,68.35
76.23,76.23,28.03,30.40,68.17
76.03,76.03,32.31,33.42,69.65
74.91,74.91,31.66,34.39,68.38
76.23,76.23,29.93,25.57,70.53
76.42,76.42,30.03,21.88,69.69
76.27,76.27,33.30,30.97,69.58
77.29,77.29,33.03,27.24,70.14
76.77,76.77,31.83,27.66,67.23
76.30,76.30,29.21,26.15,68.11
76.01,76.01,29.04,35.75,68.18
73.85,73.85,32.51,30.34,67.08
72.34,72.34,34.20,29.08,66.53
72.57,72.57,36.99,32.64,66.54
74.23,74.23,34.50,30.41,67.47
73.72,73.72,36.44,32.38,64.97
75.71,75.71,38.15,33.87,66.93
76.62,76.62,36.48,29.38,65.56
76.82,76.82,39.06,27.99,63.73
76.52,76.52,36.85,31.26,64.91
77.23,77.23,41.24,32.54,63.48
76.43,76.43,40.72,35.05,63.30
74.29,74.29,36.34,28.57,62.34
71.58,71.58,37.41,28.00,62.41
70.67,70.67,37.42,28.78,60.18
72.37,72.37,40.13,27.00,60.91
74.09,74.09,40.03,34.84,60.23
75.38,75.38,37.17,32.26,55.41
76.61,76.61,40.90,27.42,58.52
77.13,77.13,43.50,30.34,57.11
77.52,77.52,42.19,25.21,54.93
74.15,74.15,41.25,26.93,55.36
71.38,71.38,40.55,26.20,53.97
69.32,69.32,42.58,28.56,53.78
70.38,70.38,40.94,30.84,52.51
74.19,74.19,40.01,30.99,51.14
72.75,72.75,41.37,28.00,49.58
68.95,68.95,41.52,23.10,47.93
68.52,68.52,41.65,25.07,47.65
64.85,64.85,44.07,30.76,46.52
57.85,57.85,47.04,34.38,44.69
56.95,56.95,48.78,40.08,43.88
56.60,56.60,47.68,33.08,46.21
51.71,51.71,45.21,32.42,45.41
51.28,51.28,45.43,29.60,43.63
52.05,52.05,48.37,30.25,44.26
50.75,50.75,43.62,31.15,43.49
43.00,43.00,47.09,29.44,46.87
41.87,41.87,44.94,25.93,47.05
45.88,45.88,46.37,30.89,46.39
42.73,42.73,46.02,23.81,46.44
41.16,41.16,47.18,28.90,47.16
45.63,45.63,46.51,25.74,45.52
40.10,40.10,45.02,25.43,46.51
42.48,42.48,44.17,28.02,47.74
43.11,43.11,47.21,27.73,48.64
43.76,43.76,47.54,29.75,48.95
42.82,42.82,47.40,26.17,48.87
45.06,45.06,46.84,28.58,48.67
47.04,47.04,48.11,30.66,47.89
47.62,47.62,46.47,28.78,47.53
44.95,44.95,48.50,30.78,47.57
42.56,42.56,46.47,26.90,48.12
43.54,43.54,46.05,28.26,48.23
41.91,41.91,46.62,27.80,49.21
40.45,40.45,45.83,29.17,49.65
39.05,39.05,47.07,26.94,50.42
38.39,38.39,45.22,25.22,51.55
34.73,34.73,44.16,30.40,50.85
42.22,42.22,45.36,30.83,49.98
45.17,45.17,46.49,32.59,49.29
49.25,49.25,44.71,31.38,48.43
56.27,56.27,41.90,36.74,47.99
71.74,71.74,41.33,43.79,49.26
71.12,71.12,38.64,37.20,49.26
71.86,71.86,39.89,35.77,48.80
73.60,73.60,41.07,35.98,49.85
72.99,72.99,40.51,28.48,49.22
71.15,71.15,39.92,26.54,48.85
74.92,74.92,38.01,34.00,49.03
79.79,79.79,33.82,32.15,47.32
78.78,78.78,34.34,33.51,45.86
74.84,74.84,41.30,40.82,46.38
70.42,70.42,38.33,35.19,44.69
61.16,61.16,39.04,29.55,45.24
58.12,58.12,39.95,29.15,48.39
68.67,68.67,34.74,27.65,47.84
69.04,69.04,31.65,29.18,47.38
74.79,74.79,33.58,29.42,47.89
77.58,77.58,32.43,32.14,50.36
79.08,79.08,24.66,26.94,56.34
73.92,73.92,24.84,30.99,58.46
69.93,69.93,25.80,26.71,65.20
70.72,70.72,27.99,33.65,73.69
78.01,78.01,25.64,36.27,74.57
82.33,82.33,29.56,30.98,74.13
79.55,79.55,27.33,30.16,72.04
81.07,81.07,25.94,26.86,73.09
81.99,81.99,25.75,24.10,71.88
81.74,81.74,29.19,24.18,71.01
82.84,82.84,32.32,32.76,72.98
82.94,82.94,31.71,28.81,70.12
81.88,81.88,32.28,26.72,70.30
80.93,80.93,32.50,30.55,70.71
78.58,78.58,32.87,23.67,71.27
79.40,79.40,30.62,29.34,70.31
80.32,80.32,28.74,23.95,71.30
79.97,79.97,27.70,27.64,72.52
77.98,77.98,29.63,23.90,70.42
78.01,78.01,27.61,29.82,69.06
80.34,80.34,28.80,31.47,69.34
81.13,81.13,27.55,28.05,67.84
80.32,80.32,24.75,27.50,68.14
78.86,78.86,24.14,21.39,67.18
77.86,77.86,26.69,26.02,66.16
74.27,74.27,25.61,34.55,66.26
70.85,70.85,25.41,34.68,67.10
73.51,73.51,26.73,39.63,67.58
73.62,73.62,27.53,32.25,65.16
72.77,72.77,29.42,31.99,65.03
67.54,67.54,25.24,34.69,65.74
57.44,57.44,25.50,27.69,65.56
56.50,56.50,25.63,25.10,65.31
56.70,56.70,20.54,29.39,65.47
55.00,55.00,13.19,34.64,65.44
60.95,60.95,15.09,41.12,65.42
73.80,73.80,28.69,39.65,64.25
78.88,78.88,33.49,26.84,63.52
77.47,77.47,32.12,30.50,63.25
75.89,75.89,31.02,31.39,62.36
76.63,76.63,30.72,29.58,63.44
77.79,77.79,33.32,23.33,63.09
77.78,77.78,30.62,19.19,62.20
76.59,76.59,26.49,17.30,63.80
77.62,77.62,27.44,21.14,60.94
78.94,78.94,32.38,25.01,61.45
77.74,77.74,33.80,27.31,60.04
76.82,76.82,33.30,18.54,59.77
77.54,77.54,30.61,21.87,60.13
77.82,77.82,34.87,19.79,59.50
75.86,75.86,30.93,27.21,59.19
74.74,74.74,26.94,24.15,59.27
72.15,72.15,26.09,28.82,57.56
66.59,66.59,27.48,32.32,56.24
65.20,65.20,33.61,43.12,56.78
67.29,67.29,37.54,47.53,56.40
59.47,59.47,42.36,52.40,55.91
61.32,61.32,38.90,52.93,54.14
58.22,58.22,39.50,54.61,54.04
56.01,56.01,39.98,54.17,53.70
55.13,55.13,33.01,53.03,52.15
54.84,54.84,23.76,48.71,49.07
59.92,59.92,28.01,49.20,47.88
74.89,74.89,29.34,50.61,50.56
74.58,74.58,26.13,40.49,50.90
76.56,76.56,27.11,35.23,52.50
77.08,77.08,29.15,35.76,52.39
77.74,77.74,30.81,37.01,52.52
78.41,78.41,30.70,38.75,51.63
78.33,78.33,30.95,37.04,49.76
78.59,78.59,31.04,34.99,49.67
80.79,80.79,30.75,36.34,50.58
80.81,80.81,28.98,35.62,49.51
80.50,80.50,29.98,38.05,49.93
79.67,79.67,29.30,35.47,50.21
80.09,80.09,31.22,31.87,50.26
79.98,79.98,33.97,34.59,52.95
79.82,79.82,34.39,34.60,51.28
76.75,76.75,35.88,38.80,49.60
74.15,74.15,38.20,38.02,49.45
76.37,76.37,37.30,38.51,49.43
76.38,76.38,37.61,35.38,49.89
75.07,75.07,39.20,42.36,46.48
69.75,69.75,36.58,38.60,47.96
66.68,66.68,37.98,39.92,49.20
64.23,64.23,40.39,39.58,49.24
62.84,62.84,41.15,40.95,48.18
61.62,61.62,43.55,41.12,47.82
62.61,62.61,42.13,41.61,48.93
60.99,60.99,44.90,41.61,48.77
64.12,64.12,42.53,41.49,48.78
62.95,62.95,42.61,42.65,48.41
62.54,62.54,41.57,42.12,49.04
61.96,61.96,36.24,39.71,49.29
58.17,58.17,35.49,38.97,48.70
75.12,75.12,38.92,44.83,51.71
76.11,76.11,36.03,34.71,50.75
77.90,77.90,35.23,35.67,53.01
78.78,78.78,34.63,29.30,54.66
78.92,78.92,39.62,27.68,54.50
77.80,77.80,37.63,32.36,51.63
75.25,75.25,40.35,34.71,48.40
70.16,70.16,39.59,32.10,49.65
71.60,71.60,38.85,30.29,50.73
71.01,71.01,35.01,25.72,49.55
72.98,72.98,31.00,21.18,52.93
73.24,73.24,19.71,17.98,58.38
74.14,74.14,19.41,9.79,70.59
73.64,73.64,14.89,0.77,75.72
73.27,73.27,12.43,-0.00,75.35
69.64,69.64,11.49,-0.00,74.52
59.47,59.47,11.13,-0.00,72.82
47.49,47.49,11.64,0.78,69.87
48.38,48.38,12.89,5.12,71.17
48.01,48.01,15.15,12.93,72.49
47.11,47.11,16.07,19.66,70.77
48.11,48.11,18.50,20.53,71.01
48.65,48.65,21.33,20.96,69.61
47.42,47.42,21.81,20.96,70.59
43.20,43.20,22.39,19.11,71.05
43.52,43.52,22.68,26.44,70.88
37.33,37.33,23.13,24.60,71.91
33.11,33.11,24.66,29.80,69.24
33.44,33.44,26.16,21.95,71.48
30.06,30.06,27.81,25.18,69.39
29.14,29.14,28.02,20.21,70.90
28.83,28.83,28.43,21.84,68.68
28.96,28.96,28.84,24.15,69.06
28.10,28.10,29.19,23.47,68.17
27.30,27.30,29.53,25.73,69.67
29.15,29.15,29.52,24.37,69.31
29.54,29.54,29.47,26.26,70.07
26.78,26.78,28.57,28.23,68.71
28.20,28.20,29.81,19.49,69.18
28.64,28.64,30.37,23.45,66.13
26.60,26.60,30.72,21.99,67.65
25.08,25.08,31.45,25.88,67.59
24.57,24.57,31.36,11.92,68.33
24.18,24.18,31.71,23.89,67.63
20.40,20.40,32.34,20.33,67.84
18.59,18.59,33.86,24.58,68.19
20.13,20.13,31.81,22.62,66.90
28.85,28.85,30.56,18.02,66.71
38.45,38.45,28.43,19.12,65.30
45.75,45.75,24.57,23.88,65.90
63.31,63.31,21.21,22.42,65.33
73.63,73.63,23.59,31.14,65.40
77.19,77.19,22.69,25.90,64.19
79.45,79.45,19.80,26.72,64.40
77.37,77.37,18.74,25.65,62.52
80.56,80.56,20.56,22.41,64.23
79.40,79.40,18.44,29.14,62.64
79.98,79.98,17.20,32.05,62.21
79.99,79.99,16.69,34.73,64.76
77.36,77.36,14.37,36.22,63.27
77.54,77.54,18.64,32.98,60.38
80.09,80.09,14.83,38.60,63.46
80.10,80.10,17.68,38.79,62.52
80.43,80.43,18.86,34.37,60.55
80.54,80.54,21.50,38.77,58.90
79.32,79.32,25.01,39.57,56.57
78.03,78.03,23.96,40.78,57.33
77.72,77.72,20.71,41.12,56.04
75.66,75.66,17.61,37.94,55.58
76.00,76.00,20.75,41.06,55.41
74.95,74.95,23.80,41.67,54.85
74.46,74.46,23.49,29.79,55.66
74.10,74.10,26.67,41.71,54.63
75.41,75.41,26.05,36.88,53.16
75.61,75.61,28.35,41.91,51.69
75.13,75.13,33.11,43.40,51.69
77.89,77.89,34.60,39.03,50.38
76.31,76.31,34.82,42.72,52.03
75.60,75.60,31.39,41.64,51.91
75.94,75.94,35.18,37.08,54.97
76.65,76.65,35.44,40.92,51.83
78.10,78.10,35.07,37.15,49.82
76.29,76.29,36.12,39.51,50.89
76.85,76.85,36.52,41.53,50.08
78.58,78.58,33.48,34.42,49.64
77.85,77.85,31.75,39.26,50.33
76.94,76.94,31.50,39.15,50.80
77.61,77.61,30.23,33.36,49.47
73.20,73.20,29.94,37.65,49.63
75.73,75.73,28.59,38.07,50.28
79.46,79.46,25.89,36.07,49.20
80.04,80.04,28.90,40.66,48.34
80.33,80.33,29.36,37.95,47.64
80.76,80.76,30.49,40.07,48.55
81.63,81.63,32.73,40.62,48.87
81.55,81.55,30.80,35.49,47.61
82.45,82.45,32.37,36.44,47.11
81.44,81.44,37.75,38.18,49.44
81.19,81.19,35.46,31.49,49.27
80.39,80.39,40.36,34.71,47.54
77.90,77.90,40.94,33.29,45.68
78.04,78.04,36.54,30.72,46.63
72.69,72.69,36.36,27.36,47.56
65.62,65.62,34.54,21.08,44.61
64.51,64.51,32.46,35.44,47.67
64.52,64.52,32.20,35.04,50.66
80.39,80.39,35.06,32.79,51.40
83.25,83.25,31.02,34.46,50.92
83.54,83.54,28.61,30.72,54.50
83.23,83.23,29.46,33.86,57.91
80.17,80.17,31.92,34.95,59.73
80.52,80.52,29.53,30.79,59.91
81.37,81.37,27.55,34.27,56.83
80.11,80.11,25.41,34.23,54.35
80.40,80.40,21.80,28.68,59.56
79.73,79.73,21.11,36.03,69.67
77.70,77.70,20.94,37.53,73.94
69.87,69.87,22.05,38.94,72.31
65.61,65.61,20.90,37.29,73.18
73.58,73.58,18.47,28.89,74.73
70.32,70.32,19.58,31.47,72.42
75.20,75.20,21.86,31.19,73.90
75.07,75.07,20.77,27.52,73.45
78.16,78.16,22.08,19.59,73.64
81.54,81.54,25.64,32.05,73.63
80.45,80.45,25.66,32.80,73.92
76.42,76.42,25.57,25.47,73.41
67.47,67.47,23.10,25.75,73.30
65.32,65.32,20.43,31.17,71.46
70.85,70.85,20.44,23.51,73.62
75.40,75.40,21.45,31.77,71.85
77.96,77.96,23.43,30.13,70.91
80.65,80.65,23.25,30.25,69.82
81.51,81.51,23.27,30.23,70.65
80.36,80.36,21.77,28.97,69.22
77.71,77.71,20.48,34.75,68.92
76.24,76.24,17.81,35.84,68.57
73.86,73.86,17.26,31.49,70.09
73.38,73.38,19.37,33.00,69.54
76.43,76.43,23.73,30.53,69.55
78.09,78.09,31.29,27.38,69.22
78.01,78.01,33.83,34.46,68.34
75.98,75.98,30.61,35.55,68.64
70.46,70.46,33.61,30.23,67.83
62.67,62.67,34.65,29.08,68.43
62.80,62.80,35.01,26.49,66.59
62.05,62.05,33.25,29.29,67.52
63.54,63.54,31.03,31.31,65.02
58.37,58.37,29.01,25.21,66.23
57.82,57.82,24.56,35.41,64.56
61.86,61.86,22.49,34.66,70.69
62.87,62.87,17.22,40.13,68.76
64.82,64.82,16.07,36.70,71.73
80.81,80.81,16.54,39.96,68.49
80.96,80.96,16.33,24.56,66.40
81.19,81.19,14.10,28.71,64.58
81.54,81.54,17.99,31.81,64.51
82.40,82.40,18.62,30.70,64.38
82.90,82.90,17.62,29.63,64.07
83.61,83.61,16.02,33.40,64.89
83.83,83.83,17.27,29.57,63.13
84.20,84.20,18.32,26.39,63.26
84.57,84.57,18.69,25.92,62.20
84.83,84.83,18.18,29.08,62.69
84.09,84.09,19.94,21.92,60.00
81.95,81.95,20.48,25.20,58.89
79.35,79.35,21.84,22.06,58.01
77.87,77.87,22.26,16.07,58.81
74.59,74.59,22.59,16.80,57.90
77.83,77.83,21.73,22.33,58.83
80.56,80.56,23.48,26.09,58.51
79.90,79.90,23.06,24.96,57.13
78.35,78.35,25.97,21.79,55.58
76.82,76.82,25.10,23.55,55.23
79.51,79.51,26.02,22.82,57.84
80.81,80.81,28.31,21.86,55.14
79.22,79.22,27.53,20.35,56.62
77.12,77.12,29.09,19.98,55.34
77.89,77.89,30.19,27.15,55.40
79.34,79.34,29.67,23.50,55.73
79.27,79.27,29.75,29.55,53.65
78.37,78.37,31.37,28.69,53.45
77.54,77.54,30.09,24.72,52.69
78.95,78.95,30.22,29.70,51.12
77.33,77.33,27.01,32.89,48.94
73.66,73.66,30.16,38.12,48.65
77.39,77.39,28.95,36.52,52.44
78.35,78.35,25.94,34.80,54.20
76.12,76.12,27.42,32.67,54.99
76.82,76.82,28.69,28.63,55.45
73.24,73.24,28.41,31.96,55.91
76.07,76.07,31.12,38.20,59.35
77.79,77.79,30.23,36.18,61.01
76.39,76.39,31.85,36.84,56.83
76.72,76.72,31.74,36.44,50.90
77.51,77.51,32.59,37.93,53.05
75.20,75.20,33.39,37.10,52.14
71.99,71.99,34.05,38.72,55.74
70.68,70.68,34.67,40.35,52.72
72.58,72.58,33.54,40.13,51.92
73.79,73.79,35.49,38.83,53.03
76.70,76.70,36.41,36.85,53.42
80.11,80.11,39.36,35.94,52.15
81.06,81.06,41.28,34.42,50.53
78.51,78.51,41.39,33.72,48.89
79.50,79.50,43.92,33.69,47.48
80.87,80.87,42.62,34.60,45.66
80.00,80.00,41.86,35.97,45.49
77.31,77.31,41.70,36.72,44.10
74.32,74.32,42.09,36.29,43.13
75.87,75.87,39.13,35.07,45.54
75.58,75.58,45.51,34.86,45.46
75.45,75.45,45.89,33.80,44.83
75.37,75.37,45.31,32.48,42.89
76.92,76.92,46.24,31.74,47.88
76.97,76.97,48.63,32.00,46.34
78.50,78.50,49.53,30.71,46.45
79.40,79.40,48.24,28.18,48.06
79.23,79.23,47.91,28.65,51.36
78.01,78.01,45.61,29.11,54.47
77.36,77.36,42.48,28.61,59.65
75.93,75.93,38.22,24.72,56.87
75.09,75.09,33.99,23.11,57.10
76.14,76.14,29.79,31.11,61.68
77.49,77.49,32.37,34.62,72.76
75.81,75.81,31.97,29.64,78.90
75.87,75.87,32.30,11.05,78.39
74.36,74.36,32.06,5.00,79.70
73.97,73.97,30.88,11.86,77.36
74.70,74.70,29.55,8.27,77.20
73.68,73.68,29.94,14.23,76.63
72.55,72.55,31.29,17.21,76.89
74.44,74.44,30.58,18.86,77.28
75.64,75.64,30.52,14.74,77.18
74.15,74.15,32.74,22.19,76.12
74.02,74.02,30.62,21.46,76.37
73.84,73.84,28.27,19.61,76.53
73.19,73.19,28.79,21.34,76.63
72.03,72.03,29.70,25.53,76.84
72.18,72.18,28.74,20.47,74.92
72.08,72.08,32.62,19.51,74.23
68.66,68.66,30.01,23.88,74.97
62.31,62.31,27.60,21.84,74.42
67.06,67.06,25.56,18.58,75.42
68.82,68.82,23.63,23.90,73.79
68.80,68.80,21.60,16.44,75.36
70.18,70.18,23.42,17.56,75.87
68.67,68.67,23.79,22.44,74.25
58.94,58.94,24.10,25.14,74.68
62.86,62.86,25.17,21.71,76.41
65.14,65.14,25.23,10.59,76.28
63.39,63.39,25.88,21.01,75.18
57.53,57.53,25.48,23.80,74.15
50.90,50.90,28.86,18.88,76.87
50.63,50.63,27.95,18.57,73.12
49.53,49.53,26.99,22.05,77.46
47.56,47.56,25.62,18.94,74.23
44.62,44.62,26.74,19.36,76.37
46.02,46.02,28.52,19.49,75.04
46.98,46.98,30.03,21.52,75.70
45.13,45.13,31.40,26.10,75.23
46.34,46.34,32.83,24.73,75.17
46.95,46.95,32.76,20.16,75.99
46.07,46.07,29.92,27.40,72.92
42.21,42.21,22.41,27.97,75.69
39.12,39.12,17.19,16.19,73.82
40.11,40.11,21.98,19.19,77.91
36.69,36.69,21.21,21.96,80.24
35.66,35.66,18.98,15.64,81.97
31.58,31.58,19.80,17.93,80.39
34.08,34.08,20.73,26.43,80.46
32.44,32.44,21.39,24.40,80.48
34.12,34.12,23.04,28.79,79.46
35.84,35.84,22.64,25.87,79.97
33.57,33.57,23.35,29.23,80.49
34.79,34.79,22.43,30.05,79.21
33.04,33.04,22.16,28.13,80.34
30.14,30.14,23.15,22.87,77.62
30.86,30.86,24.33,27.02,80.16
34.33,34.33,21.61,22.13,77.35
30.49,30.49,23.69,23.80,79.09
30.98,30.98,21.88,24.58,78.20
29.69,29.69,21.74,19.86,78.55
31.97,31.97,22.92,28.66,78.22
31.75,31.75,21.79,26.97,79.18
29.46,29.46,20.58,32.92,78.92
24.43,24.43,18.38,26.67,77.23
19.49,19.49,14.73,26.00,78.38
21.51,21.51,19.11,27.90,76.62
19.31,19.31,26.21,23.83,79.45
18.18,18.18,25.86,26.23,77.74
25.55,25.55,25.42,21.80,78.41
25.12,25.12,24.26,35.54,78.41
22.90,22.90,24.94,43.17,77.79
20.95,20.95,24.85,42.43,76.78
23.67,23.67,25.03,42.97,77.16
25.58,25.58,25.51,40.20,79.64
25.45,25.45,25.68,38.48,76.50
24.45,24.45,25.87,38.24,77.87
26.84,26.84,27.25,35.69,76.73
27.73,27.73,26.83,35.58,77.81
27.54,27.54,26.46,35.77,77.94
28.08,28.08,26.90,34.85,80.73
30.00,30.00,26.14,29.77,75.81
28.77,28.77,25.70,30.19,76.17
29.77,29.77,25.58,31.53,76.29
30.15,30.15,26.37,35.23,77.57
30.05,30.05,26.38,31.66,76.23
30.53,30.53,26.36,27.44,78.91
32.47,32.47,25.38,36.17,75.12
32.44,32.44,25.49,38.37,76.48
32.42,32.42,24.62,34.77,75.27
29.84,29.84,24.29,35.53,78.39
30.54,30.54,25.24,31.96,75.19
29.83,29.83,23.73,29.04,75.14
28.80,28.80,22.94,29.83,75.40
26.86,26.86,20.58,34.68,74.34
19.78,19.78,15.63,32.26,74.78
15.35,15.35,14.62,30.79,75.79
11.09,11.09,19.29,32.40,73.95
8.64,8.64,25.83,41.41,75.84
11.90,11.90,26.14,41.27,77.25
16.69,16.69,26.83,36.30,74.84
18.37,18.37,28.13,35.07,74.97
17.03,17.03,28.03,40.94,74.66
18.23,18.23,27.17,39.95,75.09
18.62,18.62,28.01,36.75,72.50
17.30,17.30,29.07,40.44,74.88
17.69,17.69,28.90,38.61,73.96
18.91,18.91,29.08,40.48,74.09
15.56,15.56,28.35,36.23,71.64
17.12,17.12,28.50,38.88,73.23
17.62,17.62,28.01,40.45,71.96
17.32,17.32,27.54,38.74,72.08
18.08,18.08,26.52,37.48,73.30
19.16,19.16,25.66,35.76,73.54
17.01,17.01,26.21,39.40,72.32
18.08,18.08,26.81,41.68,72.75
20.89,20.89,26.32,38.61,72.63
22.33,22.33,26.21,34.79,71.61
25.14,25.14,26.49,40.51,73.41
26.87,26.87,26.88,40.73,73.01
27.50,27.50,26.44,38.88,72.87
28.68,28.68,28.26,43.11,69.94
30.23,30.23,28.86,38.75,73.51
29.32,29.32,28.46,41.48,71.26
29.55,29.55,27.53,41.89,73.77
31.70,31.70,27.04,41.13,69.66
33.16,33.16,26.81,39.17,73.62
30.38,30.38,28.57,42.11,70.29
32.36,32.36,27.79,43.92,73.77
31.47,31.47,26.85,45.96,71.78
30.35,30.35,25.13,45.14,72.58
30.24,30.24,24.16,44.75,70.20
27.96,27.96,21.96,44.06,70.19
28.15,28.15,20.01,48.39,72.29
28.12,28.12,17.38,46.60,76.48
23.61,23.61,17.30,44.40,76.00
24.34,24.34,18.66,47.88,75.59
23.03,23.03,19.33,47.39,77.10
22.97,22.97,21.83,44.91,75.38
21.23,21.23,20.27,45.53,74.91
22.09,22.09,20.30,47.80,75.46
23.25,23.25,20.02,45.64,75.01
20.98,20.98,19.83,45.68,72.69
23.54,23.54,22.38,49.66,74.08
24.87,24.87,21.81,50.24,72.13
24.61,24.61,20.90,49.58,74.15
23.06,23.06,21.31,46.57,71.43
21.14,21.14,23.00,50.02,73.46
20.46,20.46,22.81,51.72,71.83
22.34,22.34,21.57,47.40,73.95
22.87,22.87,22.03,44.40,70.55
24.92,24.92,22.53,45.68,71.77
26.87,26.87,22.85,45.40,69.91
29.20,29.20,22.89,46.64,70.27
28.33,28.33,26.19,49.43,67.72
29.26,29.26,27.96,50.35,68.51
28.27,28.27,23.24,48.46,69.14
30.50,30.50,27.97,45.46,68.90
32.55,32.55,26.93,49.34,68.70
34.67,34.67,24.35,50.53,66.37
34.20,34.20,27.77,50.30,67.71
35.89,35.89,24.66,48.40,64.60
34.90,34.90,29.62,51.43,67.71
40.08,40.08,28.67,52.80,70.24
41.74,41.74,25.02,52.05,69.27
37.80,37.80,22.38,48.80,67.71
38.53,38.53,23.38,46.99,67.53
40.72,40.72,23.70,47.15,67.78
41.33,41.33,24.33,49.05,68.72
37.21,37.21,25.84,50.27,68.50
41.62,41.62,30.81,50.92,67.38
38.19,38.19,23.86,50.47,67.61
38.50,38.50,26.52,48.22,69.57
39.41,39.41,29.26,46.83,67.66
39.74,39.74,24.44,48.52,67.31
42.03,42.03,28.55,49.33,67.59
40.71,40.71,31.20,50.97,69.24
44.12,44.12,29.75,51.49,67.46
42.34,42.34,24.78,51.33,67.32
40.95,40.95,26.01,49.95,67.50
42.45,42.45,23.41,50.85,65.79
41.11,41.11,18.57,51.75,67.01
24.74,24.74,15.21,51.27,62.48
21.24,21.24,22.38,46.90,65.43
14.86,14.86,16.16,49.81,70.78
19.78,19.78,10.23,51.11,72.27
20.25,20.25,10.94,50.48,75.77
22.77,22.77,12.42,49.63,74.42
25.23,25.23,16.99,51.11,73.05
26.52,26.52,17.75,50.74,73.98
25.48,25.48,18.24,49.00,73.45
24.48,24.48,19.42,50.55,71.29
22.27,22.27,20.48,52.20,70.05
22.96,22.96,20.48,50.43,68.52
28.72,28.72,20.06,46.55,71.76
25.96,25.96,20.30,50.60,71.42
27.68,27.68,20.18,48.41,67.22
24.81,24.81,21.25,47.86,68.26
25.50,25.50,21.60,50.02,69.11
28.29,28.29,21.03,49.90,70.52
24.03,24.03,21.49,43.34,70.69
22.98,22.98,23.70,49.24,69.06
23.42,23.42,23.02,54.45,70.63
21.76,21.76,23.17,50.38,68.55
22.98,22.98,20.77,46.64,71.02
17.59,17.59,22.00,45.64,70.12
17.38,17.38,22.08,50.22,69.76
19.77,19.77,20.30,50.81,67.20
20.10,20.10,21.98,49.41,65.46
16.85,16.85,22.21,43.16,69.69
18.71,18.71,22.32,47.57,68.18
20.46,20.46,20.24,44.64,65.49
18.93,18.93,20.62,47.61,68.08
20.81,20.81,19.94,48.92,68.10
20.92,20.92,24.56,46.28,69.97
24.40,24.40,25.41,34.82,66.23
26.32,26.32,24.52,43.39,65.84
27.84,27.84,20.85,48.55,66.11
26.81,26.81,20.32,48.24,67.56
26.72,26.72,22.54,40.61,68.09
26.39,26.39,23.64,42.46,67.78
26.98,26.98,23.04,49.23,69.45
24.28,24.28,23.22,46.34,67.57
24.20,24.20,20.51,42.81,66.14
24.88,24.88,23.24,42.04,66.57
27.97,27.97,22.36,46.95,64.46
26.94,26.94,22.90,47.14,67.92
26.22,26.22,24.41,49.67,64.98
25.32,25.32,23.81,51.00,64.51
23.97,23.97,25.82,48.16,67.42
23.66,23.66,26.10,48.66,64.98
20.16,20.16,27.14,51.77,66.77
24.24,24.24,27.36,54.62,67.77
22.62,22.62,25.81,49.56,65.45
20.37,20.37,27.47,35.22,67.29
19.52,19.52,26.40,49.46,69.61
23.70,23.70,26.97,47.91,70.91
25.88,25.88,25.46,47.17,68.30
24.82,24.82,23.75,43.39,65.31
23.42,23.42,25.07,42.87,71.33
23.86,23.86,27.09,46.36,70.68
24.85,24.85,27.88,48.26,66.85
25.06,25.06,26.58,46.05,68.70
25.22,25.22,24.57,43.57,69.08
26.54,26.54,26.65,35.93,65.58
26.04,26.04,27.75,46.95,67.42
26.99,26.99,26.97,48.49,70.17
30.18,30.18,27.18,49.50,72.06
27.09,27.09,27.83,42.66,70.29
26.42,26.42,28.40,34.07,67.03
25.43,25.43,27.96,45.29,68.55
23.90,23.90,25.43,45.96,67.78
20.36,20.36,25.82,43.55,68.15
22.60,22.60,25.82,36.00,68.37
27.71,27.71,28.50,36.58,67.53
25.85,25.85,26.29,43.09,66.28
28.28,28.28,27.41,42.99,69.37
27.49,27.49,26.76,32.43,70.99
25.65,25.65,25.15,24.95,68.45
27.01,27.01,25.81,27.84,69.86
32.16,32.16,26.69,39.15,72.48
33.25,33.25,26.42,44.99,68.70
31.93,31.93,28.22,44.81,67.84
32.93,32.93,28.52,39.79,66.35
34.39,34.39,25.97,29.01,67.86
32.51,32.51,24.19,40.78,68.01
33.92,33.92,28.12,41.32,68.66
29.07,29.07,27.11,40.92,72.22
24.70,24.70,28.24,41.28,68.76
23.60,23.60,25.82,38.07,71.34
22.64,22.64,24.59,40.21,71.51
22.73,22.73,25.57,41.20,65.70
23.87,23.87,25.47,44.41,66.36
27.33,27.33,26.95,41.78,65.24
32.64,32.64,28.84,35.44,65.70
28.69,28.69,30.09,44.31,66.11
29.05,29.05,30.27,47.71,66.09
25.83,25.83,25.97,48.18,63.52
20.42,20.42,24.64,45.04,68.88
20.97,20.97,23.03,34.46,70.73
18.39,18.39,22.88,45.84,69.72
22.90,22.90,24.18,46.81,72.69
27.17,27.17,25.06,44.65,67.75
25.82,25.82,26.47,46.16,67.90
26.55,26.55,26.97,37.73,67.05
23.02,23.02,24.30,46.06,65.11
28.54,28.54,25.15,47.36,66.83
20.13,20.13,24.33,45.50,68.76
25.80,25.80,25.01,43.47,67.80
27.43,27.43,24.17,29.80,67.03
27.35,27.35,24.07,41.47,68.26
28.19,28.19,26.54,43.10,68.68
25.75,25.75,26.86,45.69,66.07
22.61,22.61,25.68,44.96,68.26
21.22,21.22,27.94,42.55,66.20
22.16,22.16,26.27,41.43,67.68
23.32,23.32,29.16,42.68,68.87
19.73,19.73,30.45,33.86,66.69
20.41,20.41,26.41,30.95,68.92
22.43,22.43,28.61,36.76,71.11
27.27,27.27,29.78,44.22,67.73
30.83,30.83,31.59,41.79,67.74
32.27,32.27,32.61,37.52,65.67
31.49,31.49,34.72,34.61,67.73
34.88,34.88,34.94,34.67,66.99
28.92,28.92,36.60,34.47,65.90
28.04,28.04,36.98,31.77,68.59
27.11,27.11,36.38,26.76,69.41
27.42,27.42,36.63,22.36,68.73
28.30,28.30,36.56,17.02,64.62
29.24,29.24,37.78,17.22,65.55
26.55,26.55,34.15,17.85,66.16
25.34,25.34,32.86,21.08,65.26
20.05,20.05,34.16,29.48,63.59
21.04,21.04,38.95,45.94,66.62
22.75,22.75,49.91,50.82,65.95
16.40,16.40,50.16,61.84,68.30
12.79,12.79,49.09,86.32,67.00
16.53,16.53,49.00,90.46,67.85
22.24,22.24,51.34,90.79,64.11
26.84,26.84,49.89,89.88,64.66
25.92,25.92,47.98,86.38,63.03
26.88,26.88,48.47,82.00,63.39
25.78,25.78,51.84,77.33,63.40
25.76,25.76,52.90,77.56,64.93
23.90,23.90,51.45,78.92,65.21
26.86,26.86,56.92,79.78,65.72
26.29,26.29,55.77,78.32,67.05
27.96,27.96,53.44,75.40,67.06
27.31,27.31,53.29,73.54,63.72
25.86,25.86,56.12,70.82,62.08
26.14,26.14,58.01,68.95,60.57
27.52,27.52,55.73,71.56,63.82
29.72,29.72,56.66,74.52,64.69
31.94,31.94,57.39,73.56,62.78
32.51,32.51,57.22,71.32,61.93
35.58,35.58,57.38,69.21,60.10
36.43,36.43,57.20,66.21,59.34
34.88,34.88,57.80,64.17,60.47
36.16,36.16,56.70,62.68,63.20
40.07,40.07,57.13,64.68,61.18
42.88,42.88,58.81,64.83,62.40
43.79,43.79,59.82,62.36,61.72
43.11,43.11,59.71,65.14,62.30
37.38,37.38,59.78,70.35,64.17
42.35,42.35,63.44,73.70,68.16
50.43,50.43,62.89,82.25,66.22
54.94,54.94,60.37,84.93,68.65
60.90,60.90,59.12,88.76,67.11
64.89,64.89,57.57,87.46,65.87
68.67,68.67,55.49,88.62,64.98
77.09,77.09,55.79,88.99,64.35
77.50,77.50,53.92,87.31,59.18
79.44,79.44,51.54,88.84,59.46
82.97,82.97,49.60,86.48,58.25
84.52,84.52,47.72,87.50,61.29
84.72,84.72,47.21,87.22,61.31
84.23,84.23,47.38,85.78,56.34
82.88,82.88,45.09,87.00,59.17
83.35,83.35,43.96,84.96,58.80
83.13,83.13,42.38,85.52,58.39
84.60,84.60,43.66,85.69,59.36
82.48,82.48,41.24,84.66,61.93
79.67,79.67,41.86,86.18,60.34
78.21,78.21,44.25,84.28,62.90
80.17,80.17,45.66,85.46,62.89
81.07,81.07,47.15,84.51,60.33
81.11,81.11,51.85,84.11,65.28
85.23,85.23,56.56,85.11,72.05
83.62,83.62,55.54,83.40,71.47
83.13,83.13,55.20,84.77,72.88
83.91,83.91,53.86,83.00,67.95
78.25,78.25,50.54,83.11,68.51
79.38,79.38,46.66,84.22,71.57
81.14,81.14,44.68,82.28,72.95
81.12,81.12,43.99,83.97,71.63
81.93,81.93,43.00,82.15,75.61
80.87,80.87,41.60,82.34,68.88
80.64,80.64,42.06,82.61,74.71
80.16,80.16,42.08,81.33,71.08
79.11,79.11,41.65,82.68,73.60
78.32,78.32,39.70,80.64,73.71
80.36,80.36,38.18,81.51,75.18
81.49,81.49,37.85,80.56,74.68
82.89,82.89,36.33,79.64,73.76
82.00,82.00,35.28,81.21,77.35
72.65,72.65,34.46,79.10,72.64
69.35,69.35,36.53,80.64,71.87
71.61,71.61,42.67,78.86,74.20
70.62,70.62,44.95,78.67,73.28
70.91,70.91,43.10,79.53,71.81
70.29,70.29,40.63,77.49,73.31
70.57,70.57,38.62,79.18,74.08
72.10,72.10,36.43,77.15,71.13
75.48,75.48,33.90,77.48,70.86
77.18,77.18,36.54,77.83,72.50
71.94,71.94,37.58,75.69,70.04
66.68,66.68,45.97,76.76,70.32
76.16,76.16,56.53,74.58,70.63
82.21,82.21,58.73,75.29,70.00
83.77,83.77,57.72,73.60,71.53
83.42,83.42,54.63,72.91,68.35
80.54,80.54,53.16,73.76,68.11
76.45,76.45,51.96,71.06,69.44
73.06,73.06,50.66,73.02,67.78
66.61,66.61,53.59,71.60,68.49
62.26,62.26,56.62,71.02,66.69
69.99,69.99,54.71,71.07,72.17
74.83,74.83,52.52,67.22,74.69
76.06,76.06,53.86,67.93,78.33
72.20,72.20,52.55,65.53,78.32
69.40,69.40,50.58,65.88,80.23
68.56,68.56,49.88,66.35,77.53
65.34,65.34,48.06,63.81,79.40
65.28,65.28,46.56,63.66,77.41
61.07,61.07,44.47,61.50,76.50
53.25,53.25,48.06,62.19,77.47
53.07,53.07,56.16,60.32,78.55
52.60,52.60,53.63,54.88,75.10
52.19,52.19,48.73,51.75,75.27
51.72,51.72,44.62,50.35,76.65
53.69,53.69,42.26,47.09,75.00
56.40,56.40,39.77,51.76,73.30
56.61,56.61,40.33,51.30,72.18
51.19,51.19,45.92,58.83,69.99
49.42,49.42,54.00,59.33,69.41
51.34,51.34,66.20,75.45,64.39
60.36,60.36,66.72,82.28,67.63
62.34,62.34,61.77,83.22,63.88
66.86,66.86,57.60,85.71,65.66
77.56,77.56,53.15,85.14,62.80
78.06,78.06,49.70,86.36,61.66
79.53,79.53,47.26,84.49,58.66
79.82,79.82,45.55,84.39,57.72
79.44,79.44,50.02,85.49,58.65
77.41,77.41,57.37,83.75,59.49
78.00,78.00,70.06,84.38,63.93
75.28,75.28,68.60,81.66,67.16
76.76,76.76,67.54,79.29,69.50
79.20,79.20,64.87,83.02,69.58
81.22,81.22,64.15,83.54,72.58
79.84,79.84,61.77,82.25,70.32
81.10,81.10,62.70,79.02,70.54
80.42,80.42,62.22,78.82,65.37
81.93,81.93,61.98,80.82,67.21
82.08,82.08,62.26,81.88,68.70
83.87,83.87,62.97,81.77,71.35
82.48,82.48,61.13,79.96,69.13
83.22,83.22,61.81,77.44,68.08
82.45,82.45,60.57,78.10,65.01
82.46,82.46,59.58,78.64,67.65
82.98,82.98,59.70,78.10,64.07
82.73,82.73,58.98,77.51,66.02
83.23,83.23,58.07,76.53,67.56
82.54,82.54,57.00,76.57,66.02
83.20,83.20,58.25,75.38,69.02
82.41,82.41,56.70,75.33,68.53
82.56,82.56,56.41,75.99,69.28
80.81,80.81,56.48,75.20,66.44
76.45,76.45,55.70,73.87,69.52
75.34,75.34,57.01,72.46,68.32
73.44,73.44,57.20,72.39,67.47
77.64,77.64,58.10,72.10,64.67
83.31,83.31,58.14,71.96,69.46
79.66,79.66,57.63,71.32,68.61
73.88,73.88,58.03,69.20,71.32
83.51,83.51,57.24,66.90,74.69
78.96,78.96,55.66,65.69,71.31
82.19,82.19,53.48,64.64,77.50
85.93,85.93,52.46,64.01,76.53
82.99,82.99,51.90,62.61,77.60
81.24,81.24,48.28,59.66,77.54
82.72,82.72,46.55,53.69,77.30
80.60,80.60,47.10,52.03,79.11
78.49,78.49,48.54,58.68,78.64
77.80,77.80,50.20,57.80,78.91
75.16,75.16,49.80,53.22,74.74
75.47,75.47,49.27,44.37,76.60
77.67,77.67,49.56,50.17,72.30
79.23,79.23,47.16,54.62,74.90
79.08,79.08,49.02,57.82,74.97
78.78,78.78,49.09,59.60,73.81
78.38,78.38,48.76,60.17,73.88
78.37,78.37,50.03,60.60,71.68
74.99,74.99,51.99,59.08,72.27
77.28,77.28,50.31,55.77,72.18
80.44,80.44,49.26,60.93,71.24
80.53,80.53,48.34,65.96,69.43
80.63,80.63,46.54,68.42,68.54
80.22,80.22,45.67,68.80,67.92
79.72,79.72,44.63,68.95,69.11
80.16,80.16,42.99,68.64,67.96
79.46,79.46,44.11,68.32,67.91
79.56,79.56,43.01,68.11,68.23
79.71,79.71,43.66,67.31,66.07
79.49,79.49,41.27,66.81,68.01
79.84,79.84,43.24,67.55,67.04
79.95,79.95,42.07,67.37,68.25
77.75,77.75,43.80,67.58,67.15
76.25,76.25,47.28,67.90,70.47
75.46,75.46,51.71,68.02,76.97
66.61,66.61,51.25,68.30,76.33
61.95,61.95,45.89,67.85,74.30
63.27,63.27,46.13,66.89,78.12
63.26,63.26,44.31,66.49,76.13
60.45,60.45,46.13,66.54,75.95
58.82,58.82,52.88,66.53,78.63
57.42,57.42,50.27,66.41,75.15
58.65,58.65,46.21,66.66,76.76
57.12,57.12,44.12,66.57,74.61
56.31,56.31,44.98,66.84,76.59
59.40,59.40,49.43,68.13,74.40
60.37,60.37,53.19,68.71,71.62
59.55,59.55,52.52,68.03,74.21
59.88,59.88,48.76,68.87,73.66
58.85,58.85,52.31,68.21,73.26
56.51,56.51,58.94,68.18,72.94
54.61,54.61,74.72,79.43,72.05
54.06,54.06,75.01,85.05,71.54
54.43,54.43,75.30,86.03,68.91
55.20,55.20,75.12,85.21,67.61
53.60,53.60,73.14,82.35,69.26
52.60,52.60,72.21,79.94,69.69
56.94,56.94,72.20,80.76,67.51
65.32,65.32,72.28,81.95,68.48
68.23,68.23,71.34,82.36,68.42
69.52,69.52,70.91,81.43,67.38
71.16,71.16,69.99,79.50,70.75
70.43,70.43,70.41,81.07,68.17
70.62,70.62,68.59,79.36,68.51
80.86,80.86,65.75,76.62,68.38
82.76,82.76,65.69,76.21,65.95
82.25,82.25,66.30,77.73,67.58
81.99,81.99,67.36,79.77,66.10
81.92,81.92,66.03,78.36,66.92
80.65,80.65,62.89,79.32,65.16
81.28,81.28,65.46,78.19,64.94
81.64,81.64,66.97,78.11,65.15
81.66,81.66,64.51,79.54,61.69
82.08,82.08,58.77,78.38,65.31
82.48,82.48,59.58,77.02,63.10
82.58,82.58,61.20,77.50,60.51
79.98,79.98,60.14,77.69,60.58
78.00,78.00,58.99,78.18,63.27
74.01,74.01,64.24,76.19,65.90
63.51,63.51,62.02,77.21,63.37
62.01,62.01,57.15,77.74,63.73
63.60,63.60,59.36,76.76,63.53
68.74,68.74,57.18,76.19,63.33
77.76,77.76,56.75,76.49,68.92
77.33,77.33,56.98,75.84,74.25
75.88,75.88,58.08,74.97,74.48
73.98,73.98,56.75,74.76,73.74
78.23,78.23,49.72,75.11,73.66
80.00,80.00,52.74,75.46,73.83
80.73,80.73,53.07,74.17,71.79
83.18,83.18,54.05,73.42,69.51
82.60,82.60,64.14,73.86,69.20
79.53,79.53,69.56,73.57,69.47
81.02,81.02,67.01,72.18,75.70
78.21,78.21,62.24,71.30,74.15
78.46,78.46,56.12,70.93,74.46
75.80,75.80,50.73,70.80,77.20
77.51,77.51,46.99,70.66,76.09
77.51,77.51,45.05,71.54,77.23
76.94,76.94,44.52,71.64,75.93
75.80,75.80,44.61,70.46,77.01
77.05,77.05,41.36,68.92,76.53
77.15,77.15,37.16,69.08,73.21
76.92,76.92,34.33,69.70,72.61
75.96,75.96,32.10,70.12,74.63
77.99,77.99,33.57,68.55,74.42
78.33,78.33,35.01,68.51,72.66
78.80,78.80,35.57,70.47,70.89
79.85,79.85,34.61,71.88,71.71
79.29,79.29,35.04,71.20,69.58
78.64,78.64,35.26,71.95,67.86
79.04,79.04,35.66,72.44,70.31
78.79,78.79,37.33,68.72,68.09
78.81,78.81,37.18,68.60,70.84
78.59,78.59,34.28,68.80,70.64
79.79,79.79,32.79,68.64,70.59
79.34,79.34,35.33,66.97,66.65
77.71,77.71,34.60,67.24,70.28
72.48,72.48,36.69,66.60,68.85
67.84,67.84,37.68,65.78,66.72
68.30,68.30,39.61,64.36,64.53
68.62,68.62,51.57,64.26,67.08
69.72,69.72,52.87,64.37,67.81
72.62,72.62,52.82,64.70,76.74
77.94,77.94,51.33,62.52,75.52
81.49,81.49,46.47,60.74,72.31
81.66,81.66,46.76,59.75,74.14
80.61,80.61,42.82,58.71,74.24
81.45,81.45,38.59,57.03,75.17
81.98,81.98,36.75,55.66,77.29
80.92,80.92,37.17,54.10,74.06
79.63,79.63,40.77,52.98,78.53
79.55,79.55,45.16,49.99,77.35
79.81,79.81,44.12,52.02,75.19
79.94,79.94,43.03,57.13,77.12
80.68,80.68,38.33,61.18,72.38
78.97,78.97,37.57,71.37,74.94
79.29,79.29,39.39,82.25,69.72
79.68,79.68,43.06,84.83,69.09
79.18,79.18,46.17,85.29,66.10
78.01,78.01,50.71,82.67,67.37
78.39,78.39,59.62,79.92,66.02
79.36,79.36,69.26,75.84,65.31
79.05,79.05,66.81,68.06,66.16
77.95,77.95,64.42,75.61,62.96
77.63,77.63,61.25,78.95,62.66
77.99,77.99,59.18,78.29,62.26
79.76,79.76,54.63,78.73,62.72
78.12,78.12,51.57,75.62,58.21
77.01,77.01,50.37,72.81,60.28
78.59,78.59,51.98,71.78,61.36
79.04,79.04,66.11,67.55,62.99
79.64,79.64,68.30,75.61,67.03
81.76,81.76,66.07,78.01,69.58
81.51,81.51,66.22,77.46,70.78
80.46,80.46,63.81,80.28,68.73
80.13,80.13,62.11,79.23,70.19
82.33,82.33,62.05,78.50,67.00
81.86,81.86,61.78,78.31,71.91
82.72,82.72,62.01,77.85,73.74
83.11,83.11,61.50,80.00,70.45
82.67,82.67,61.43,77.50,68.74
82.22,82.22,61.17,78.97,70.01
82.59,82.59,60.99,77.60,71.00
81.44,81.44,60.46,78.82,72.81
81.55,81.55,59.59,77.50,71.54
81.48,81.48,60.29,76.65,70.31
81.63,81.63,59.93,77.67,72.15
80.45,80.45,61.35,76.24,70.80
80.96,80.96,59.73,76.47,71.94
81.14,81.14,59.06,74.28,69.55
82.02,82.02,58.90,75.63,70.33
81.92,81.92,58.47,73.95,68.33
80.23,80.23,58.15,75.39,69.21
80.29,80.29,58.14,73.76,66.53
79.75,79.75,59.06,73.95,68.53
80.86,80.86,58.75,73.97,70.24
81.70,81.70,57.93,73.40,66.68
79.22,79.22,57.10,73.83,69.68
76.11,76.11,57.83,72.65,66.61
70.49,70.49,57.06,73.72,70.03
67.01,67.01,57.66,72.09,70.68
63.11,63.11,55.15,73.91,71.77
62.34,62.34,52.71,73.06,73.79
61.18,61.18,50.00,74.83,77.00
75.54,75.54,49.74,73.66,76.21
76.45,76.45,47.74,73.90,78.98
75.17,75.17,46.96,74.34,75.79
76.20,76.20,47.17,73.29,74.08
76.09,76.09,47.99,74.26,75.75
75.58,75.58,50.01,72.50,73.71
76.09,76.09,53.15,73.59,74.73
74.39,74.39,55.44,71.81,76.29
72.86,72.86,55.01,72.42,75.65
66.76,66.76,50.36,71.63,74.68
59.21,59.21,52.28,72.65,73.99
54.97,54.97,50.34,73.09,73.99
51.58,51.58,49.67,72.51,72.65
50.01,50.01,47.56,74.37,71.97
54.87,54.87,46.61,74.29,72.57
56.42,56.42,51.47,76.12,73.24
63.47,63.47,65.74,73.36,68.05
75.32,75.32,73.23,68.57,70.56
74.13,74.13,74.81,69.95,68.74
70.09,70.09,77.90,78.33,68.74
82.76,82.76,75.96,79.81,68.47
82.36,82.36,75.02,77.80,67.61
79.69,79.69,73.58,79.16,68.02
77.66,77.66,73.05,77.29,66.91
78.26,78.26,72.23,76.28,67.60
79.30,79.30,72.03,75.55,65.60
75.26,75.26,69.99,74.72,66.59
70.11,70.11,71.42,76.45,67.29
67.01,67.01,70.08,76.38,74.06
61.51,61.51,70.53,78.30,78.55
68.90,68.90,68.37,76.16,77.66
63.41,63.41,68.03,76.68,77.98
60.34,60.34,68.89,74.99,76.46
57.68,57.68,67.25,75.85,75.09
57.94,57.94,67.38,75.80,77.14
56.88,56.88,67.45,75.75,76.96
55.87,55.87,66.52,77.24,75.86
55.88,55.88,64.82,76.13,75.14
53.60,53.60,64.23,77.38,74.98
54.32,54.32,63.35,75.75,73.69
52.80,52.80,63.52,77.10,74.45
51.07,51.07,62.26,75.62,73.45
56.02,56.02,62.13,76.85,73.26
61.16,61.16,61.19,75.82,73.68
69.61,69.61,59.54,75.99,71.23
78.61,78.61,56.13,73.80,70.85
71.73,71.73,59.15,69.90,72.48
67.18,67.18,73.11,67.20,71.64
61.41,61.41,76.74,76.41,70.27
59.69,59.69,76.79,82.49,68.11
71.01,71.01,76.42,79.52,70.99
82.88,82.88,77.21,77.44,65.56
85.03,85.03,74.83,77.39,68.85
73.38,73.38,73.32,79.07,62.46
72.85,72.85,74.50,77.11,66.52
76.08,76.08,73.21,79.60,61.95
77.19,77.19,70.86,77.02,66.71
78.16,78.16,76.62,72.76,67.07
78.14,78.14,72.84,80.85,70.68
70.19,70.19,72.21,81.73,69.31
70.70,70.70,75.22,78.25,69.72
77.66,77.66,75.43,76.74,70.64
82.56,82.56,75.04,78.40,70.92
83.91,83.91,73.25,76.78,67.74
82.99,82.99,72.38,72.72,66.61
81.47,81.47,71.20,73.98,67.59
82.36,82.36,70.38,74.65,66.48
81.23,81.23,71.35,70.73,65.35
80.50,80.50,69.02,68.73,63.93
82.30,82.30,68.06,63.77,63.88
79.94,79.94,65.76,66.70,61.78
81.13,81.13,64.03,70.98,61.71
82.14,82.14,64.36,70.19,63.52
82.22,82.22,63.86,67.79,61.11
82.17,82.17,65.11,68.08,62.26
80.78,80.78,65.45,70.19,59.88
82.01,82.01,64.67,72.29,61.08
80.63,80.63,62.49,71.30,59.00
80.55,80.55,61.26,71.92,62.02
80.47,80.47,63.88,71.26,59.84
82.19,82.19,64.29,71.46,67.46
81.77,81.77,62.91,70.60,77.24
80.66,80.66,59.44,71.10,77.03
79.68,79.68,57.69,70.52,75.66
79.26,79.26,57.97,69.83,76.73
74.91,74.91,58.67,69.71,76.55
69.67,69.67,58.09,71.32,76.48
66.50,66.50,57.67,71.86,76.57
69.32,69.32,62.68,70.43,75.40
69.98,69.98,63.03,68.65,77.03
80.36,80.36,62.33,68.62,79.19
85.72,85.72,58.63,69.84,77.73
80.72,80.72,54.09,69.88,76.58
80.39,80.39,49.92,69.28,76.67
81.43,81.43,51.11,68.78,76.50
79.36,79.36,46.39,68.42,75.22
80.48,80.48,47.27,68.87,75.48
81.36,81.36,47.59,68.31,75.68
81.52,81.52,44.80,68.87,75.93
80.45,80.45,44.60,68.07,73.65
78.94,78.94,45.82,66.60,73.67
79.20,79.20,45.17,67.24,75.48
79.88,79.88,44.14,68.98,72.87
79.50,79.50,42.05,70.82,72.03
79.67,79.67,42.99,70.46,72.63
79.24,79.24,46.30,70.17,72.44
79.96,79.96,47.04,70.83,70.11
80.96,80.96,50.91,68.16,71.77
81.80,81.80,52.91,65.71,72.06
81.03,81.03,46.83,65.72,73.65
82.92,82.92,48.51,64.97,72.14
80.88,80.88,47.55,67.05,72.30
80.90,80.90,46.35,66.53,72.35
80.38,80.38,44.29,66.28,70.66
78.54,78.54,41.88,66.17,71.52
79.40,79.40,42.31,68.11,69.57
80.05,80.05,42.38,68.76,70.36
81.69,81.69,48.40,68.29,69.61
79.82,79.82,52.47,68.80,68.84
75.98,75.98,55.23,69.63,69.65
74.98,74.98,56.30,69.01,72.00
75.84,75.84,54.94,68.16,80.21
76.39,76.39,54.39,68.29,79.70
77.48,77.48,50.57,69.94,79.20
76.81,76.81,49.17,70.62,78.95
76.22,76.22,45.98,70.07,78.22
76.10,76.10,45.68,71.31,78.77
75.83,75.83,45.97,72.07,77.42
71.42,71.42,45.24,72.01,77.00
71.26,71.26,43.48,70.72,77.26
69.68,69.68,44.94,71.18,76.62
67.07,67.07,47.81,72.01,76.05
64.42,64.42,50.32,70.84,75.20
64.66,64.66,50.56,67.02,73.89
64.32,64.32,49.78,67.32,71.65
66.03,66.03,48.73,69.72,69.04
62.75,62.75,49.68,70.55,62.83
60.87,60.87,53.49,70.03,59.54
67.71,67.71,65.98,70.28,58.85
78.07,78.07,68.10,70.62,57.36
77.59,77.59,66.45,70.09,54.41
77.61,77.61,62.94,70.57,55.23
76.59,76.59,59.37,70.65,53.47
77.86,77.86,57.53,69.33,54.21
78.71,78.71,54.38,65.14,52.39
75.75,75.75,53.63,63.02,53.55
74.78,74.78,54.65,62.26,55.94
74.13,74.13,59.78,56.30,58.95
71.61,71.61,69.15,79.09,66.34
76.09,76.09,69.90,87.55,65.38
72.15,72.15,68.52,85.65,68.05
73.80,73.80,68.88,75.84,69.72
75.76,75.76,67.21,78.10,70.91
76.28,76.28,65.76,80.11,71.19
71.46,71.46,65.88,79.37,68.15
73.23,73.23,65.31,76.84,71.98
67.19,67.19,64.28,75.32,73.01
65.16,65.16,64.26,77.29,73.07
61.60,61.60,64.06,77.08,72.24
60.72,60.72,63.23,75.87,71.80
61.53,61.53,63.42,75.93,71.10
56.34,56.34,63.24,76.41,69.39
55.38,55.38,62.64,74.90,69.54
55.82,55.82,62.22,74.84,68.96
57.84,57.84,62.32,74.83,70.67
57.51,57.51,62.02,72.99,70.06
56.89,56.89,61.24,72.88,69.11
57.22,57.22,60.17,71.21,68.91
56.79,56.79,59.35,70.63,71.06
56.31,56.31,60.10,69.52,76.92
52.11,52.11,58.92,67.18,78.45
53.80,53.80,59.08,66.81,78.38
54.74,54.74,58.25,64.84,79.94
51.53,51.53,57.12,63.80,79.93
46.88,46.88,58.47,64.11,78.27
46.07,46.07,57.31,62.45,79.85
45.70,45.70,57.03,60.81,73.97
50.11,50.11,56.60,61.83,80.31
55.19,55.19,55.35,60.46,74.20
63.07,63.07,54.17,61.08,75.33
73.24,73.24,52.69,59.72,78.70
77.13,77.13,52.18,58.27,75.23
79.90,79.90,49.37,60.16,74.01
79.69,79.69,47.46,59.53,75.41
79.05,79.05,45.98,58.10,75.26
80.08,80.08,44.37,59.57,72.93
79.68,79.68,45.00,59.28,73.48
79.44,79.44,42.29,57.65,70.58
80.51,80.51,43.08,58.89,74.41
80.40,80.40,43.55,58.12,70.25
79.89,79.89,42.25,56.39,74.45
80.97,80.97,40.85,53.59,70.86
80.67,80.67,40.71,56.09,71.92
80.70,80.70,39.72,55.86,72.85
78.49,78.49,39.59,54.09,70.65
78.82,78.82,40.72,54.42,69.02
76.59,76.59,41.20,56.13,69.82
76.32,76.32,46.77,62.05,71.13
69.52,69.52,61.44,72.63,73.87
70.76,70.76,69.83,80.03,76.44
69.99,69.99,72.30,75.29,74.38
70.50,70.50,74.86,76.43,74.30
70.98,70.98,75.85,72.52,70.70
71.24,71.24,75.43,73.10,67.73
76.07,76.07,74.55,72.84,70.08
81.29,81.29,73.17,72.65,70.54
79.30,79.30,73.31,73.46,67.91
79.92,79.92,72.33,70.93,68.69
80.43,80.43,72.48,70.11,67.93
79.76,79.76,72.09,73.01,71.50
77.80,77.80,70.25,73.42,77.11
79.08,79.08,69.86,70.22,76.59
79.01,79.01,70.25,72.82,76.74
77.65,77.65,69.06,71.23,73.88
72.02,72.02,68.77,71.39,74.42
73.56,73.56,67.95,73.17,73.42
76.05,76.05,67.36,71.42,72.74
79.65,79.65,67.16,71.58,72.84
80.96,80.96,65.55,71.03,68.23
79.28,79.28,65.43,66.31,72.98
78.14,78.14,64.00,62.25,64.78
77.97,77.97,64.28,60.20,66.97
77.54,77.54,63.29,59.55,64.94
78.23,78.23,63.58,59.22,65.49
76.50,76.50,61.68,55.14,65.14
77.07,77.07,61.13,55.52,65.82
76.77,76.77,60.53,50.69,64.45
78.43,78.43,58.92,51.60,58.13
79.48,79.48,63.88,60.08,61.40
74.89,74.89,77.05,80.87,62.76
73.30,73.30,74.77,88.93,64.20
74.02,74.02,75.81,86.46,64.93
79.52,79.52,75.11,84.37,67.47
81.89,81.89,74.36,85.94,68.34
82.38,82.38,73.53,84.53,70.45
84.10,84.10,72.72,83.36,70.89
85.30,85.30,71.04,83.05,72.22
86.07,86.07,72.09,82.46,73.80
85.82,85.82,69.63,78.31,74.52
83.62,83.62,71.55,76.36,75.60
77.16,77.16,68.98,70.84,74.35
73.21,73.21,71.74,75.32,75.51
70.22,70.22,74.19,73.78,74.30
76.38,76.38,75.28,74.09,71.02
78.53,78.53,72.18,70.82,66.83
78.96,78.96,71.05,69.65,67.54
79.38,79.38,70.89,72.48,68.93
78.48,78.48,70.74,74.73,66.22
76.70,76.70,69.17,74.13,67.23
75.82,75.82,70.04,72.93,63.64
75.77,75.77,68.50,68.54,70.02
76.96,76.96,69.77,69.58,65.63
77.33,77.33,67.21,70.54,64.96
77.98,77.98,67.74,69.58,66.77
78.44,78.44,68.32,69.87,66.54
79.19,79.19,67.71,68.16,66.86
78.33,78.33,66.91,70.02,66.78
74.96,74.96,66.90,71.26,67.53
72.89,72.89,66.34,71.45,68.29
76.96,76.96,65.95,72.45,73.92
78.50,78.50,65.43,71.41,77.92
75.24,75.24,64.92,70.49,74.09
70.51,70.51,63.75,69.82,75.93
70.91,70.91,64.45,69.90,77.12
78.35,78.35,63.97,70.00,76.92
81.47,81.47,63.82,70.21,75.68
80.88,80.88,63.40,70.03,75.12
76.57,76.57,62.43,70.06,75.47
72.95,72.95,62.61,70.01,77.26
67.41,67.41,61.51,68.44,75.31
65.44,65.44,60.39,66.92,77.62
67.10,67.10,58.21,66.45,80.21
75.06,75.06,58.60,67.29,76.71
72.00,72.00,59.36,66.75,74.67
76.02,76.02,58.92,65.18,76.18
74.66,74.66,56.44,66.98,76.29
77.13,77.13,53.80,67.67,76.06
76.26,76.26,53.48,66.56,75.32
76.79,76.79,55.33,65.56,76.59
77.71,77.71,55.25,65.97,73.63
76.97,76.97,53.97,66.80,73.71
77.34,77.34,52.55,65.15,75.03
78.46,78.46,53.72,64.46,75.15
78.05,78.05,52.33,64.58,74.68
79.94,79.94,51.85,66.22,74.73
80.21,80.21,53.73,66.30,76.08
80.58,80.58,55.00,65.55,76.86
78.56,78.56,53.94,63.89,77.54
79.06,79.06,52.15,63.05,77.36
76.90,76.90,51.92,62.49,77.59
78.13,78.13,50.44,59.85,78.32
77.47,77.47,53.57,60.25,77.36
79.19,79.19,55.99,59.51,76.97
78.91,78.91,55.94,60.18,76.96
78.96,78.96,54.29,58.19,76.34
78.96,78.96,53.03,58.90,78.15
79.10,79.10,50.73,58.61,76.09
80.69,80.69,50.95,57.87,77.48
79.59,79.59,52.99,56.90,75.84
78.32,78.32,59.06,57.30,76.85
77.46,77.46,60.72,57.81,78.25
69.66,69.66,60.22,57.47,77.30
76.31,76.31,58.77,57.60,78.43
80.38,80.38,54.71,59.39,74.93
79.99,79.99,52.97,58.64,75.42
79.75,79.75,51.08,56.59,75.74
79.71,79.71,51.58,56.90,76.66
80.67,80.67,51.26,56.42,73.63
77.55,77.55,51.68,57.61,70.66
76.69,76.69,52.16,56.43,74.01
76.00,76.00,54.31,56.18,73.25
77.86,77.86,54.51,56.59,71.61
76.96,76.96,52.86,57.36,73.59
79.74,79.74,53.49,59.32,72.55
77.56,77.56,51.97,57.77,69.31
77.71,77.71,51.48,57.24,69.31
76.00,76.00,51.67,56.74,68.31
81.94,81.94,49.87,54.36,70.05
84.29,84.29,52.95,54.03,69.04
84.09,84.09,57.80,52.25,69.65
81.50,81.50,67.10,53.48,69.20
80.19,80.19,64.22,52.38,71.31
81.91,81.91,62.57,55.23,69.39
78.97,78.97,60.43,58.62,75.97
77.53,77.53,56.01,59.35,72.61
79.91,79.91,52.65,49.68,75.49
79.81,79.81,48.48,51.88,76.79
81.14,81.14,46.71,52.14,77.14
82.94,82.94,58.08,65.57,79.26
80.29,80.29,64.29,65.29,83.65
81.47,81.47,67.85,80.41,82.14
80.97,80.97,69.34,84.78,81.53
79.36,79.36,67.22,83.80,81.22
77.90,77.90,63.06,79.21,82.41
79.75,79.75,62.66,72.53,82.77
81.87,81.87,62.14,69.31,82.40
78.85,78.85,60.62,69.45,83.25
81.13,81.13,65.88,69.82,81.64
81.16,81.16,68.66,72.97,82.85
82.08,82.08,65.72,72.49,82.94
80.38,80.38,65.44,66.88,83.50
80.96,80.96,65.40,65.23,81.24
81.06,81.06,63.80,68.52,83.42
80.39,80.39,62.97,68.67,80.04
80.62,80.62,64.80,68.92,82.61
81.09,81.09,65.48,67.29,81.79
81.25,81.25,64.48,63.91,81.78
80.57,80.57,63.50,64.74,80.44
79.57,79.57,63.86,66.95,81.18
81.66,81.66,64.92,67.41,81.75
80.95,80.95,63.97,66.93,81.17
81.60,81.60,60.53,63.66,80.20
82.86,82.86,62.80,62.90,81.20
79.83,79.83,63.06,65.00,79.06
77.93,77.93,63.10,66.11,79.57
82.73,82.73,61.23,64.70,80.23
81.77,81.77,61.80,62.76,79.37
79.10,79.10,60.03,62.89,79.40
80.32,80.32,62.80,68.16,79.23
79.85,79.85,64.12,70.80,78.62
79.77,79.77,71.78,83.84,83.34
80.92,80.92,74.80,88.91,75.01
79.02,79.02,72.46,87.19,81.28
79.69,79.69,66.29,84.90,77.55
78.28,78.28,66.74,79.81,78.16
81.00,81.00,68.77,78.69,78.51
78.28,78.28,65.71,76.89,78.45
75.28,75.28,66.96,75.30,79.62
75.83,75.83,72.68,76.45,76.50
74.55,74.55,71.74,77.02,81.36
73.96,73.96,69.31,74.93,76.15
76.71,76.71,69.33,73.85,80.32
75.20,75.20,67.89,73.52,77.82
73.62,73.62,68.89,74.02,78.99
74.70,74.70,69.42,72.06,78.80
76.04,76.04,70.35,69.63,77.47
71.89,71.89,69.82,66.88,78.29
64.53,64.53,68.85,67.18,78.35
67.05,67.05,68.72,67.65,76.54
77.19,77.19,69.89,66.99,78.18
81.67,81.67,74.99,66.52,76.32
81.71,81.71,74.91,64.88,76.53
78.88,78.88,78.04,62.52,72.65
78.22,78.22,77.30,58.27,77.99
74.39,74.39,78.37,59.69,73.59
76.71,76.71,77.04,53.95,75.84
75.70,75.70,77.02,55.58,72.36
75.36,75.36,74.33,48.62,77.04
75.27,75.27,69.86,53.58,71.71
77.64,77.64,64.89,59.18,76.75
79.34,79.34,69.89,69.82,82.12
79.01,79.01,68.09,84.48,82.51
78.99,78.99,70.89,85.02,79.84
80.73,80.73,70.64,83.16,79.68
78.51,78.51,72.58,74.54,80.32
81.97,81.97,74.52,71.51,82.35
80.72,80.72,73.38,66.10,81.80
80.82,80.82,68.05,61.01,81.28
80.09,80.09,66.86,59.16,81.73
80.56,80.56,68.61,65.06,81.59
81.16,81.16,68.29,67.70,80.04
82.41,82.41,66.92,58.86,78.78
81.51,81.51,68.54,58.04,80.55
78.30,78.30,66.29,59.84,80.80
77.93,77.93,62.09,57.02,80.36
77.90,77.90,59.01,63.66,80.56
80.34,80.34,57.83,65.01,79.64
83.41,83.41,61.24,66.11,78.94
83.17,83.17,60.36,67.39,78.94
77.52,77.52,67.39,65.70,81.15
75.79,75.79,74.93,65.65,76.33
72.27,72.27,79.95,69.65,78.99
66.49,66.49,73.91,67.00,78.91
65.96,65.96,76.30,68.21,79.70
66.29,66.29,77.12,69.44,78.39
67.04,67.04,77.76,70.06,81.74
70.21,70.21,75.61,63.96,76.40
75.08,75.08,76.21,61.98,80.59
76.31,76.31,73.75,66.53,76.31
77.09,77.09,67.06,67.95,79.98
77.44,77.44,73.82,75.13,79.04
76.90,76.90,77.32,77.37,84.61
74.45,74.45,74.79,84.69,82.14
73.16,73.16,73.86,83.35,82.03
73.31,73.31,74.73,78.82,84.97
74.27,74.27,74.92,80.11,81.56
76.65,76.65,71.11,82.23,82.63
78.05,78.05,70.53,77.47,82.09
76.68,76.68,69.05,75.36,81.07
73.85,73.85,67.01,74.65,82.93
74.87,74.87,67.66,74.76,80.76
75.31,75.31,66.49,75.52,81.76
75.36,75.36,68.10,71.70,82.08
77.16,77.16,68.66,74.02,78.09
75.98,75.98,66.98,72.19,81.45
74.96,74.96,66.48,71.39,80.53
72.46,72.46,65.76,69.71,81.62
72.78,72.78,68.39,69.49,81.63
72.41,72.41,68.22,70.51,80.32
72.58,72.58,68.71,71.09,80.96
73.57,73.57,68.76,69.43,80.14
76.04,76.04,68.43,69.58,79.03
76.89,76.89,67.94,69.41,80.93
77.40,77.40,68.95,71.54,77.99
75.85,75.85,69.23,71.55,78.64
73.09,73.09,68.52,69.68,78.48
73.94,73.94,68.27,71.19,76.46
72.47,72.47,68.46,70.42,79.15
74.97,74.97,67.35,70.37,77.20
69.79,69.79,68.34,67.69,78.36
71.04,71.04,69.15,67.74,78.46
70.15,70.15,71.15,70.16,81.55
61.86,61.86,70.38,69.98,78.09
57.82,57.82,69.53,69.28,80.15
59.34,59.34,69.17,68.22,80.06
57.87,57.87,67.81,70.20,80.18
53.30,53.30,69.21,69.09,77.92
50.44,50.44,68.36,69.64,80.01
51.39,51.39,68.34,67.97,77.17
53.39,53.39,68.02,67.16,76.60
52.90,52.90,67.95,67.04,76.77
51.33,51.33,67.77,65.50,77.13
50.59,50.59,68.33,66.26,77.38
47.14,47.14,69.85,66.54,76.45
50.86,50.86,68.60,67.10,76.49
46.43,46.43,67.34,64.55,75.02
45.02,45.02,65.91,64.77,74.55
41.20,41.20,67.81,65.35,76.29
45.27,45.27,65.63,63.80,75.94
49.04,49.04,65.78,63.57,76.46
53.48,53.48,66.27,63.87,76.01
41.64,41.64,65.76,62.55,78.55
39.54,39.54,65.95,63.46,76.97
38.08,38.08,66.02,62.79,77.63
41.78,41.78,65.45,61.99,76.55
39.72,39.72,65.82,59.18,76.53
40.55,40.55,64.09,59.47,77.05
32.99,32.99,62.01,58.43,74.73
37.73,37.73,62.66,57.06,75.21
36.53,36.53,61.55,58.32,79.12
37.69,37.69,63.41,56.77,77.35
43.55,43.55,67.12,58.14,78.71
43.28,43.28,69.04,45.95,78.42
46.70,46.70,67.98,53.01,77.72
46.85,46.85,69.04,52.15,77.42
42.29,42.29,68.65,52.90,77.18
43.10,43.10,66.97,49.23,77.97
44.32,44.32,65.46,55.00,77.71
40.44,40.44,65.31,55.02,77.96
41.36,41.36,65.53,50.13,77.21
40.72,40.72,65.04,48.46,76.58
40.06,40.06,66.97,53.73,76.02
37.31,37.31,65.69,51.56,74.12
36.57,36.57,64.69,52.46,75.16
38.05,38.05,65.10,55.16,75.78
39.10,39.10,63.47,51.22,75.82
35.23,35.23,64.36,50.21,75.69
36.54,36.54,64.57,47.95,74.60
35.73,35.73,64.31,52.55,75.07
38.46,38.46,63.48,51.91,75.24
36.40,36.40,62.05,62.03,74.24
34.73,34.73,62.92,69.90,74.80
33.48,33.48,62.81,80.64,72.95
35.13,35.13,61.61,83.06,72.85
34.27,34.27,61.58,86.93,73.85
35.02,35.02,62.50,85.43,72.82
28.65,28.65,62.08,85.72,73.35
29.58,29.58,59.52,85.83,72.64
25.63,25.63,60.16,84.96,73.61
19.41,19.41,60.28,85.36,75.00
19.56,19.56,61.98,83.92,78.56
19.66,19.66,68.31,85.85,81.49
13.75,13.75,66.06,85.50,83.94
12.43,12.43,67.15,89.72,81.46
12.79,12.79,65.99,85.58,79.80
10.33,10.33,65.15,85.82,81.45
8.23,8.23,65.73,85.88,81.35
9.18,9.18,65.45,81.37,77.94
8.29,8.29,65.47,80.91,81.07
11.24,11.24,65.80,76.11,76.40
10.51,10.51,67.04,75.81,80.77
12.71,12.71,66.47,74.03,76.51
12.23,12.23,66.74,76.73,80.59
10.33,10.33,65.32,78.31,76.97
11.70,11.70,65.38,76.96,79.90
11.14,11.14,65.14,71.32,75.93
12.01,12.01,66.48,66.60,79.29
12.74,12.74,67.61,56.11,74.86
12.63,12.63,67.28,65.35,77.89
12.86,12.86,67.47,72.92,75.59
12.67,12.67,64.88,73.53,80.63
13.96,13.96,64.04,72.84,76.97
12.76,12.76,65.29,69.02,77.38
10.49,10.49,67.98,59.40,76.51
12.09,12.09,69.50,62.89,79.33
16.64,16.64,66.59,68.84,77.30
17.34,17.34,65.56,71.44,79.15
16.39,16.39,66.09,67.84,76.07
15.42,15.42,67.94,63.14,77.06
10.76,10.76,68.37,43.52,78.02
9.43,9.43,68.64,55.30,77.37
16.04,16.04,67.61,59.31,80.36
16.42,16.42,69.17,61.03,81.08
17.13,17.13,68.60,53.99,82.15
21.43,21.43,70.07,51.25,78.64
22.24,22.24,69.74,46.09,80.05
23.40,23.40,68.80,54.31,79.81
19.97,19.97,69.56,49.60,79.88
18.33,18.33,69.52,54.19,80.13
20.15,20.15,68.49,52.04,79.64
18.81,18.81,67.00,47.42,80.40
18.22,18.22,68.59,41.88,79.90
18.98,18.98,70.12,48.85,77.86
16.21,16.21,69.52,50.41,79.05
18.67,18.67,67.95,51.28,79.23
17.64,17.64,65.72,45.41,78.52
17.02,17.02,67.96,42.42,77.21
19.72,19.72,67.55,44.51,78.08
20.02,20.02,68.13,46.75,77.68
19.38,19.38,65.69,44.43,76.58
18.69,18.69,65.71,37.48,75.74
16.15,16.15,68.60,44.19,76.93
16.42,16.42,82.18,49.86,75.89
20.12,20.12,75.17,45.44,73.36
23.41,23.41,77.39,33.82,74.15
25.75,25.75,78.20,29.65,72.72
28.33,28.33,72.23,24.54,73.18
28.63,28.63,76.92,20.66,73.05
26.92,26.92,73.87,26.71,72.22
25.42,25.42,73.37,41.73,73.45
22.70,22.70,73.87,59.46,76.17
19.22,19.22,71.61,67.23,79.63
16.88,16.88,69.62,74.42,81.61
8.68,8.68,69.76,85.85,80.70
12.77,12.77,71.47,81.02,81.03
17.98,17.98,68.45,80.70,79.05
22.21,22.21,65.45,80.15,80.63
24.11,24.11,65.04,82.53,80.60
25.90,25.90,67.84,79.22,79.21
25.10,25.10,67.82,79.90,79.89
23.84,23.84,65.85,80.57,79.11
23.40,23.40,65.00,79.46,78.79
23.43,23.43,63.94,79.20,79.03
23.37,23.37,62.86,78.17,76.29
23.27,23.27,61.85,79.77,77.64
22.20,22.20,63.19,78.02,78.13
19.58,19.58,63.09,79.34,78.07
20.42,20.42,61.41,77.76,77.84
20.44,20.44,59.41,78.91,78.13
22.84,22.84,60.61,77.41,77.57
24.09,24.09,62.45,78.00,78.54
23.36,23.36,65.91,77.94,77.46
24.15,24.15,70.66,78.04,75.24
23.19,23.19,74.81,79.41,77.84
23.38,23.38,75.65,77.94,76.58
23.79,23.79,76.32,78.66,77.12
27.12,27.12,73.53,76.69,76.65
30.71,30.71,72.25,77.39,73.86
27.16,27.16,71.99,75.51,75.40
22.83,22.83,72.27,76.71,76.02
15.44,15.44,71.83,74.61,74.18
17.18,17.18,73.21,69.90,81.24
15.38,15.38,73.73,67.22,81.24
13.11,13.11,76.73,83.28,81.83
11.51,11.51,75.21,83.39,83.05
8.83,8.83,72.55,73.55,84.15
8.44,8.44,71.38,74.93,82.39
11.70,11.70,69.07,73.01,83.09
13.57,13.57,69.32,72.97,80.28
8.52,8.52,68.57,71.67,83.29
5.35,5.35,66.84,72.40,82.93
3.73,3.73,68.60,72.68,80.76
5.49,5.49,65.61,73.05,79.17
9.51,9.51,65.58,75.02,79.21
10.75,10.75,66.97,75.67,78.49
9.47,9.47,65.21,75.03,79.73
8.88,8.88,63.72,73.05,78.82
9.19,9.19,63.70,74.54,77.79
6.22,6.22,64.28,75.19,77.90
8.59,8.59,64.44,73.56,79.17
9.96,9.96,64.99,73.89,78.78
12.00,12.00,64.98,74.72,78.07
13.17,13.17,64.26,76.07,79.57
14.24,14.24,63.61,74.67,78.49
15.31,15.31,64.86,74.64,77.95
18.02,18.02,64.03,75.38,77.78
17.81,17.81,62.77,73.37,76.16
17.97,17.97,62.44,72.87,74.56
18.75,18.75,61.44,71.44,76.36
15.78,15.78,62.65,72.41,75.13
12.98,12.98,63.17,71.43,77.19
7.26,7.26,62.52,70.26,73.74
15.90,15.90,66.20,68.14,75.80
13.68,13.68,67.99,64.25,77.05
8.79,8.79,67.37,65.39,78.35
9.11,9.11,65.67,62.42,78.87
8.40,8.40,64.68,60.84,76.95
5.52,5.52,63.55,62.96,77.64
5.68,5.68,64.42,63.49,77.15
9.02,9.02,63.50,59.16,78.43
8.46,8.46,64.36,60.79,78.25
10.89,10.89,63.84,62.50,77.40
13.24,13.24,62.42,57.92,77.40
12.17,12.17,62.10,60.23,75.70
15.47,15.47,63.08,60.97,76.79
15.01,15.01,62.16,57.82,76.41
18.53,18.53,62.13,54.05,73.65
19.48,19.48,62.11,61.01,73.16
18.93,18.93,61.88,61.48,76.15
20.37,20.37,62.58,63.19,72.27
17.59,17.59,61.75,61.99,72.75
18.73,18.73,60.37,61.84,73.91
17.30,17.30,58.56,65.14,74.54
15.40,15.40,58.56,62.02,84.04
13.82,13.82,59.67,64.20,82.01
13.79,13.79,62.03,63.50,82.45
14.45,14.45,62.11,63.73,80.45
15.68,15.68,61.13,65.44,81.41
18.83,18.83,61.75,63.97,79.64
19.40,19.40,61.09,64.80,79.86
19.25,19.25,60.59,62.28,79.27
15.81,15.81,59.96,63.15,80.41
15.85,15.85,64.47,60.75,79.84
14.20,14.20,66.41,60.68,78.39
15.10,15.10,68.03,61.80,80.08
11.77,11.77,66.53,57.76,75.88
9.74,9.74,65.51,58.09,78.87
10.34,10.34,64.65,55.18,76.85
12.17,12.17,64.35,55.30,79.39
14.30,14.30,63.41,52.48,74.25
14.87,14.87,63.82,52.54,79.34
15.07,15.07,61.97,49.12,78.00
16.43,16.43,64.36,44.93,78.43
15.98,15.98,65.67,50.75,76.63
18.38,18.38,63.64,43.95,78.05
18.18,18.18,63.42,47.45,76.95
20.59,20.59,63.42,47.89,78.87
17.51,17.51,61.98,44.59,78.85
16.73,16.73,61.18,45.99,77.32
16.00,16.00,60.60,46.74,77.22
17.38,17.38,61.77,51.79,78.96
17.15,17.15,60.14,55.13,77.87
20.94,20.94,59.64,59.07,76.73
23.39,23.39,60.37,62.20,72.04
31.62,31.62,59.87,63.57,71.83
44.80,44.80,59.46,63.74,70.70
52.48,52.48,57.06,62.03,68.96
56.55,56.55,57.82,67.06,68.65
75.83,75.83,57.85,67.71,66.35
76.17,76.17,55.61,69.04,67.60
78.79,78.79,53.89,68.89,66.83
77.75,77.75,55.72,73.43,76.61
76.56,76.56,64.75,83.10,76.55
77.82,77.82,68.26,82.44,78.38
79.37,79.37,66.39,73.61,74.18
79.65,79.65,67.04,74.02,75.97
80.08,80.08,67.74,76.38,75.92
79.58,79.58,67.85,74.98,76.91
79.19,79.19,68.51,74.10,76.88
81.06,81.06,66.24,76.22,74.30
84.00,84.00,66.22,79.03,72.77
84.27,84.27,65.02,75.29,74.19
83.28,83.28,64.20,76.34,73.85
83.41,83.41,63.05,74.97,73.40
81.28,81.28,62.24,77.22,73.47
82.19,82.19,60.24,74.34,73.68
82.81,82.81,60.47,75.71,71.51
83.07,83.07,59.63,75.92,70.56
82.15,82.15,60.83,74.88,72.07
82.08,82.08,60.72,75.26,73.34
80.47,80.47,60.46,73.31,72.36
78.16,78.16,60.90,75.05,72.63
80.85,80.85,60.62,73.37,70.87
80.63,80.63,59.80,73.78,73.30
80.12,80.12,60.13,72.39,73.59
78.81,78.81,60.29,71.29,74.02
76.93,76.93,59.65,71.72,73.18
75.74,75.74,59.24,68.50,73.26
78.10,78.10,59.34,69.40,74.13
76.99,76.99,60.12,59.91,71.48
78.03,78.03,60.07,62.35,73.71
75.92,75.92,58.66,57.48,75.03
79.68,79.68,58.80,56.26,72.89
77.91,77.91,62.95,57.12,73.53
76.43,76.43,64.96,57.99,72.91
77.66,77.66,66.17,59.06,73.64
77.93,77.93,65.38,60.33,71.74
74.52,74.52,63.10,60.12,73.28
67.62,67.62,60.70,62.56,71.91
63.07,63.07,62.18,64.99,72.15
62.89,62.89,61.61,67.14,70.16
62.32,62.32,62.92,67.86,71.70
59.32,59.32,62.73,67.72,71.43
57.53,57.53,60.02,69.60,72.63
53.51,53.51,58.38,68.80,71.23
51.82,51.82,57.93,70.14,72.07
51.71,51.71,57.39,69.26,70.57
48.97,48.97,56.90,71.11,71.06
50.07,50.07,57.95,70.53,71.83
49.36,49.36,60.43,70.57,72.79
48.34,48.34,58.47,71.09,73.49
47.70,47.70,58.96,68.58,71.22
46.08,46.08,68.05,62.55,69.24
41.69,41.69,71.41,55.54,68.25
45.73,45.73,76.92,54.48,67.92
42.15,42.15,76.87,54.76,69.47
41.25,41.25,75.70,57.83,72.33
39.51,39.51,75.23,55.85,71.10
44.95,44.95,73.70,53.40,71.88
42.80,42.80,74.18,50.58,72.01
44.84,44.84,70.90,50.30,71.00
52.49,52.49,69.40,48.30,71.98
56.85,56.85,73.50,42.80,71.73
67.19,67.19,69.51,40.24,68.90
67.82,67.82,70.22,32.28,63.86
69.48,69.48,69.48,36.91,65.52
71.46,71.46,68.58,33.44,62.64
71.81,71.81,68.42,37.26,60.19
73.72,73.72,67.48,37.98,57.18
78.85,78.85,67.09,36.80,58.15
79.40,79.40,64.13,32.48,57.70
78.09,78.09,63.96,35.05,59.58
78.95,78.95,63.82,41.13,61.14
78.65,78.65,63.96,39.73,59.82
80.68,80.68,63.26,39.27,59.72
82.09,82.09,61.56,38.36,57.81
79.93,79.93,61.68,38.13,57.07
77.85,77.85,59.52,39.97,59.12
79.39,79.39,59.13,39.02,58.43
78.09,78.09,60.10,43.44,57.74
79.05,79.05,58.16,45.96,60.22
82.59,82.59,56.19,46.21,57.98
82.09,82.09,59.39,43.38,55.83
81.30,81.30,62.93,48.60,57.14
76.06,76.06,82.21,56.12,58.92
73.94,73.94,78.25,51.96,60.75
76.00,76.00,78.27,40.10,61.80
77.31,77.31,79.21,39.46,62.46
69.81,69.81,75.06,40.91,63.92
63.21,63.21,77.27,36.17,63.04
63.85,63.85,75.31,40.92,64.53
63.73,63.73,74.44,54.61,67.50
63.61,63.61,72.76,63.63,72.17
70.48,70.48,75.53,72.01,74.03
80.16,80.16,77.35,80.70,76.38
80.35,80.35,74.49,84.94,75.40
78.47,78.47,72.87,83.77,78.05
76.57,76.57,70.65,84.92,77.45
80.77,80.77,68.38,82.39,76.25
82.60,82.60,67.36,81.81,76.88
83.10,83.10,68.44,82.75,75.93
80.92,80.92,72.25,81.66,76.19
79.66,79.66,71.00,81.09,76.25
79.50,79.50,69.16,80.24,74.24
79.03,79.03,66.95,81.17,77.50
78.92,78.92,65.24,79.42,71.85
80.12,80.12,66.16,78.78,75.78
79.44,79.44,66.99,78.19,75.49
77.80,77.80,66.31,79.25,73.29
79.97,79.97,65.50,79.26,75.46
79.02,79.02,65.54,78.03,72.77
79.17,79.17,64.88,78.39,73.69
80.11,80.11,66.17,77.34,75.82
80.04,80.04,65.42,77.06,74.73
76.41,76.41,66.25,75.13,76.25
76.28,76.28,66.15,74.43,72.28
76.94,76.94,66.13,76.38,75.32
71.23,71.23,63.77,74.39,75.28
73.30,73.30,65.52,73.75,73.67
76.35,76.35,64.90,72.45,76.39
77.02,77.02,63.16,72.87,75.52
73.97,73.97,61.81,73.90,75.24
68.81,68.81,61.60,71.18,78.39
69.04,69.04,62.69,72.97,77.65
67.16,67.16,66.43,71.75,76.90
58.13,58.13,65.64,71.12,78.68
58.15,58.15,65.67,71.64,78.06
59.35,59.35,64.98,68.16,79.37
54.78,54.78,65.23,69.28,78.16
62.38,62.38,64.93,69.99,78.11
57.34,57.34,64.63,67.95,78.06
58.95,58.95,64.84,68.07,78.12
57.39,57.39,64.30,66.79,79.17
58.47,58.47,63.10,68.69,78.03
53.48,53.48,61.47,64.02,76.89
45.15,45.15,62.21,68.38,77.82
43.97,43.97,61.23,66.81,78.67
46.92,46.92,60.11,66.26,76.24
47.55,47.55,60.13,67.89,76.12
49.68,49.68,61.46,67.51,75.55
48.27,48.27,62.91,67.95,75.59
44.81,44.81,63.03,67.97,75.57
44.97,44.97,61.93,67.71,75.17
34.21,34.21,61.75,66.95,76.01
28.88,28.88,62.33,65.78,74.87
38.82,38.82,61.08,65.60,75.38
36.57,36.57,63.30,63.73,75.94
32.18,32.18,61.45,66.82,73.54
30.43,30.43,61.60,64.58,74.15
33.65,33.65,61.33,64.56,74.89
29.06,29.06,61.33,65.21,72.98
20.93,20.93,59.14,63.69,73.96
25.55,25.55,58.13,61.29,77.94
14.37,14.37,59.45,64.43,78.77
11.01,11.01,63.17,64.04,77.28
8.76,8.76,66.28,66.33,75.94
7.86,7.86,66.48,64.49,76.78
8.04,8.04,65.70,61.32,76.52
8.30,8.30,63.23,62.29,76.03
8.45,8.45,62.59,60.33,77.74
8.88,8.88,62.55,62.60,76.42
11.08,11.08,63.02,62.39,75.26
9.67,9.67,61.45,63.07,75.26
7.84,7.84,62.23,62.69,76.08
12.73,12.73,63.34,58.41,76.13
17.37,17.37,63.47,62.06,75.88
15.37,15.37,61.77,61.12,77.89
16.44,16.44,61.04,62.51,76.61
17.13,17.13,61.07,61.23,73.58
16.39,16.39,61.30,61.44,74.57
15.51,15.51,61.56,61.40,76.00
15.97,15.97,60.23,61.26,77.36
15.61,15.61,59.12,59.54,76.73
16.42,16.42,60.31,57.32,76.82
18.38,18.38,60.00,57.71,75.88
20.63,20.63,60.81,77.17,73.91
19.70,19.70,59.60,85.36,74.17
21.65,21.65,59.32,87.38,72.99
23.33,23.33,57.69,85.43,71.43
21.72,21.72,58.13,83.54,72.33
21.08,21.08,59.01,80.24,72.45
20.56,20.56,58.21,76.47,71.59
20.88,20.88,57.56,75.70,71.24
18.20,18.20,60.80,75.67,76.22
15.71,15.71,69.26,75.52,78.56
10.48,10.48,69.13,86.09,77.89
8.91,8.91,67.76,84.03,80.77
4.79,4.79,68.11,79.15,79.10
8.25,8.25,68.43,83.23,79.49
11.78,11.78,68.93,82.38,79.09
14.23,14.23,69.67,82.84,80.02
17.30,17.30,68.00,82.79,77.64
14.67,14.67,67.94,82.15,79.00
8.18,8.18,68.06,83.23,75.62
6.73,6.73,66.85,82.41,77.99
8.94,8.94,67.58,81.91,75.16
9.43,9.43,66.94,82.59,77.55
7.50,7.50,67.89,82.20,75.25
6.64,6.64,66.14,81.31,75.95
9.61,9.61,66.00,81.69,76.16
11.70,11.70,64.92,82.13,75.36
10.75,10.75,64.54,81.66,75.39
12.05,12.05,64.17,80.39,74.64
13.54,13.54,63.97,80.99,73.00
12.15,12.15,64.38,80.04,73.15
11.93,11.93,64.02,79.65,71.90
10.60,10.60,62.84,79.34,72.12
14.65,14.65,62.91,78.92,72.95
17.33,17.33,62.53,79.99,70.52
15.94,15.94,62.22,78.05,73.31
16.02,16.02,60.26,77.99,73.26
13.92,13.92,60.91,79.52,72.98
14.25,14.25,61.28,78.90,72.81
9.98,9.98,60.22,79.06,72.59
9.15,9.15,65.98,78.46,77.62
6.80,6.80,61.05,78.69,79.07
8.02,8.02,60.23,77.50,78.46
15.96,15.96,58.57,76.32,80.20
21.68,21.68,58.78,77.18,80.23
23.33,23.33,57.07,76.97,80.64
22.98,22.98,59.08,77.06,81.73
20.80,20.80,58.53,76.34,81.60
17.32,17.32,59.33,76.66,80.37
17.90,17.90,60.00,77.59,79.20
18.23,18.23,59.14,76.30,79.84
19.03,19.03,56.59,75.26,79.50
21.13,21.13,56.21,76.01,80.41
23.45,23.45,55.83,75.41,78.87
20.35,20.35,54.49,76.29,78.30
21.01,21.01,54.71,74.76,78.13
22.87,22.87,53.29,75.36,76.46
22.88,22.88,52.99,76.07,76.32
22.18,22.18,53.27,74.95,74.37
19.86,19.86,59.58,73.04,73.80
16.65,16.65,70.36,70.79,76.36
17.94,17.94,78.62,70.03,76.70
18.26,18.26,76.38,71.96,78.15
22.03,22.03,78.00,72.49,77.65
21.13,21.13,76.51,73.30,76.87
23.20,23.20,75.38,72.74,75.48
22.87,22.87,74.89,71.38,76.51
19.09,19.09,74.32,70.85,75.93
18.26,18.26,73.10,71.77,76.55
13.60,13.60,72.09,70.92,77.87
10.38,10.38,72.38,72.08,78.57
12.42,12.42,70.52,71.75,76.72
6.79,6.79,70.19,71.83,76.65
4.08,4.08,69.09,70.79,77.21
4.53,4.53,68.84,71.52,78.02
6.46,6.46,69.64,71.84,76.22
5.01,5.01,68.26,73.39,77.19
4.74,4.74,68.68,72.40,76.91
4.00,4.00,66.61,71.49,76.51
6.13,6.13,65.57,71.37,77.81
7.44,7.44,67.96,73.08,73.98
6.50,6.50,66.47,73.64,75.84
7.38,7.38,64.47,73.70,75.40
8.66,8.66,64.29,72.46,71.66
9.23,9.23,64.10,73.30,75.64
11.59,11.59,64.36,74.05,75.21
14.16,14.16,63.27,74.21,74.60
11.90,11.90,62.21,72.76,74.53
12.56,12.56,61.73,72.68,73.57
13.16,13.16,61.41,72.29,74.84
11.38,11.38,64.35,70.99,73.07
11.71,11.71,68.92,73.14,79.55
11.22,11.22,70.66,75.65,77.38
15.33,15.33,73.85,82.18,74.24
16.73,16.73,70.32,78.74,74.57
18.73,18.73,61.26,79.11,78.11
24.67,24.67,68.33,82.99,78.37
24.10,24.10,68.03,82.76,75.31
27.91,27.91,69.16,85.11,81.08
17.47,17.47,66.28,82.02,77.98
7.67,7.67,67.87,83.50,78.54
6.83,6.83,77.58,83.42,81.12
10.55,10.55,74.62,81.65,79.67
11.49,11.49,74.67,84.55,82.10
8.04,8.04,74.72,83.96,78.80
2.21,2.21,73.73,78.76,79.20
3.50,3.50,68.46,80.73,79.31
3.55,3.55,68.96,79.61,80.44
2.68,2.68,69.80,80.84,78.68
5.14,5.14,70.84,80.33,78.23
8.28,8.28,71.14,77.87,78.77
8.65,8.65,68.90,77.97,80.29
7.91,7.91,68.17,77.40,77.46
7.79,7.79,67.99,79.90,75.42
9.08,9.08,67.24,77.93,77.62
10.98,10.98,65.50,75.68,76.05
11.18,11.18,66.86,76.74,77.68
13.12,13.12,69.61,75.56,77.52
9.56,9.56,69.03,76.38,76.86
9.33,9.33,65.01,75.17,76.82
11.71,11.71,64.43,73.62,75.24
8.81,8.81,66.73,74.37,74.33
10.38,10.38,68.49,71.09,77.11
11.38,11.38,66.58,71.24,75.61
10.85,10.85,61.87,70.88,74.36
12.02,12.02,61.99,70.18,74.52
10.96,10.96,65.15,70.79,73.57
12.56,12.56,66.44,68.23,71.32
10.72,10.72,64.00,70.36,69.65
5.30,5.30,60.38,68.36,67.36
4.45,4.45,60.62,66.84,67.15
13.34,13.34,64.92,67.06,80.54
15.02,15.02,66.16,64.68,81.03
4.83,4.83,65.98,65.02,81.72
5.99,5.99,63.85,64.16,79.20
7.43,7.43,63.37,61.11,81.17
8.72,8.72,63.21,63.16,79.09
11.05,11.05,63.62,59.71,79.33
11.41,11.41,63.05,62.08,79.85
11.95,11.95,62.66,63.13,77.59
12.89,12.89,61.46,63.41,79.84
14.76,14.76,60.55,63.11,79.66
15.24,15.24,59.86,62.02,79.59
16.04,16.04,59.18,63.48,78.98
17.35,17.35,60.28,62.66,79.05
16.76,16.76,59.53,62.86,79.62
18.16,18.16,59.25,62.06,80.86
19.44,19.44,60.86,63.74,78.93
20.56,20.56,60.22,63.93,80.55
17.27,17.27,59.60,63.28,78.12
16.14,16.14,57.96,61.97,79.67
15.25,15.25,58.90,59.81,80.26
12.55,12.55,57.92,59.77,81.82
13.80,13.80,60.75,60.53,79.60
15.01,15.01,63.26,62.68,79.49
14.93,14.93,62.08,61.95,81.30
14.71,14.71,62.39,59.78,78.52
12.66,12.66,61.97,60.19,79.52
11.22,11.22,61.87,59.91,77.57
11.01,11.01,60.70,59.34,79.12
8.68,8.68,62.43,61.72,78.88
10.49,10.49,63.09,59.26,78.53
11.41,11.41,66.56,56.44,78.41
13.22,13.22,67.29,56.66,78.41
10.42,10.42,66.53,58.75,78.38
6.11,6.11,65.20,57.00,78.65
8.57,8.57,64.48,54.67,76.17
8.45,8.45,63.23,57.46,77.32
9.15,9.15,62.59,56.86,77.14
10.69,10.69,63.12,57.40,75.04
12.56,12.56,62.42,56.17,76.54
15.63,15.63,62.82,54.42,75.48
17.29,17.29,63.86,55.70,76.67
18.19,18.19,64.24,54.50,74.39
23.26,23.26,63.23,58.25,74.83
25.90,25.90,62.96,56.67,76.00
36.58,36.58,61.69,57.98,75.68
33.75,33.75,62.09,57.19,73.16
36.32,36.32,61.75,53.71,74.54
36.97,36.97,61.14,56.47,72.55
44.48,44.48,60.78,55.23,74.15
48.88,48.88,60.81,54.09,75.39
51.40,51.40,61.03,53.78,78.26
53.95,53.95,61.62,49.36,77.72
56.13,56.13,61.60,50.08,79.03
63.70,63.70,60.09,53.46,77.59
74.30,74.30,60.60,51.08,77.65
75.58,75.58,60.58,54.39,76.67
77.64,77.64,60.11,49.00,76.30
77.09,77.09,59.12,53.67,75.84
77.08,77.08,58.70,63.47,74.92
76.69,76.69,66.43,78.62,82.92
75.69,75.69,68.95,81.50,82.59
74.64,74.64,68.28,76.72,78.58
75.65,75.65,67.89,79.01,79.06
77.25,77.25,68.27,77.05,78.44
83.82,83.82,69.09,75.32,77.55
81.74,81.74,67.50,77.36,79.17
81.64,81.64,67.99,73.62,78.13
80.19,80.19,65.93,75.15,78.00
79.97,79.97,66.54,74.21,79.79
81.14,81.14,66.61,74.05,78.20
81.41,81.41,65.61,75.11,77.02
81.47,81.47,64.10,72.23,78.07
80.75,80.75,63.68,72.19,78.25
81.62,81.62,64.48,72.20,77.95
80.91,80.91,63.26,71.20,78.70
80.54,80.54,64.67,73.12,76.33
80.57,80.57,63.75,71.55,76.59
81.64,81.64,63.77,68.22,79.11
78.20,78.20,64.00,69.23,77.42
70.14,70.14,63.88,68.47,76.54
66.94,66.94,64.10,70.08,77.72
66.70,66.70,63.45,69.53,77.34
70.23,70.23,62.78,68.03,77.68
74.72,74.72,60.81,67.87,78.17
80.25,80.25,61.48,65.98,76.32
79.66,79.66,61.16,67.20,77.09
79.15,79.15,60.09,63.95,77.95
79.25,79.25,60.71,64.93,77.00
79.73,79.73,58.82,66.02,77.59
78.01,78.01,60.85,64.45,78.50
78.24,78.24,61.34,69.20,77.72
78.11,78.11,58.73,68.39,78.24
79.00,79.00,58.08,64.68,77.48
80.39,80.39,58.09,59.79,76.17
80.59,80.59,57.03,68.97,77.70
78.28,78.28,59.44,70.45,75.07
80.57,80.57,58.90,70.81,73.78
81.54,81.54,57.95,64.16,76.46
82.26,82.26,58.22,60.17,75.27
81.57,81.57,58.40,62.81,74.23
81.13,81.13,55.77,68.21,75.78
80.10,80.10,55.85,69.94,75.18
81.67,81.67,54.55,64.73,74.71
81.24,81.24,54.86,55.73,76.76
80.89,80.89,57.39,55.90,74.77
81.31,81.31,56.11,64.81,74.76
79.94,79.94,55.80,66.97,76.07
80.56,80.56,53.19,64.23,74.56
82.07,82.07,55.15,56.53,74.20
80.55,80.55,56.59,53.79,75.83
80.64,80.64,60.78,59.48,72.67
81.02,81.02,62.63,64.53,72.84
76.29,76.29,61.63,64.35,71.49
70.59,70.59,60.98,58.92,70.12
74.62,74.62,61.09,54.28,72.05
75.38,75.38,60.89,57.42,70.54
75.43,75.43,60.15,62.79,69.55
78.93,78.93,59.13,64.37,70.94
80.80,80.80,57.28,59.67,70.33
80.21,80.21,57.41,51.10,70.57
79.56,79.56,60.11,54.00,69.12
76.06,76.06,60.40,60.09,68.73
76.38,76.38,60.33,62.91,67.36
77.04,77.04,60.17,56.74,71.78
69.77,69.77,61.69,52.94,70.12
59.81,59.81,58.32,49.36,70.14
60.92,60.92,58.84,55.13,69.73
67.28,67.28,59.60,58.49,68.29
57.22,57.22,61.20,57.27,71.03
57.04,57.04,60.59,50.83,69.35
59.52,59.52,59.38,50.10,68.36
64.22,64.22,61.12,55.56,68.72
62.82,62.82,60.56,57.62,68.24
57.61,57.61,59.73,59.26,67.96
69.75,69.75,60.19,52.76,68.21
75.66,75.66,62.30,42.01,68.91
77.17,77.17,61.49,52.22,67.50
77.11,77.11,60.51,54.76,68.80
77.75,77.75,61.81,57.97,67.95
77.29,77.29,64.29,54.02,66.73
77.93,77.93,63.24,48.73,66.95
78.87,78.87,62.75,47.93,60.38
78.88,78.88,62.47,51.84,59.54
79.72,79.72,64.27,52.57,57.58
79.02,79.02,62.87,49.63,61.31
77.78,77.78,62.80,44.75,69.42
71.82,71.82,64.51,44.12,70.29
73.12,73.12,64.12,42.42,68.72
72.03,72.03,62.28,45.67,67.64
71.76,71.76,61.55,48.74,68.13
75.39,75.39,64.51,48.21,68.39
75.84,75.84,66.11,62.93,68.60
76.46,76.46,64.23,82.73,72.84
74.06,74.06,64.33,81.51,73.54
73.64,73.64,67.06,74.12,73.10
75.22,75.22,68.15,78.73,78.10
75.71,75.71,66.84,77.71,75.83
73.74,73.74,66.60,70.66,74.37
73.87,73.87,67.65,77.13,74.45
74.98,74.98,67.82,73.50,74.65
73.50,73.50,66.92,76.40,71.92
67.47,67.47,66.04,70.81,73.18
59.22,59.22,65.15,71.70,70.66
68.83,68.83,64.64,71.05,74.99
63.83,63.83,64.70,72.88,73.24
56.65,56.65,64.34,71.27,71.64
64.64,64.64,64.85,72.51,71.95
61.06,61.06,64.09,68.61,72.34
53.61,53.61,63.50,68.04,72.99
56.76,56.76,61.46,69.36,73.51
58.80,58.80,62.49,69.23,76.43
60.49,60.49,62.28,66.26,72.69
58.54,58.54,61.77,65.07,73.75
62.38,62.38,59.73,65.81,77.02
62.14,62.14,60.79,68.00,78.30
60.22,60.22,61.08,66.95,76.43
62.60,62.60,60.22,64.18,75.85
60.01,60.01,60.03,64.45,76.75
63.02,63.02,58.77,61.06,77.35
63.47,63.47,60.57,65.62,76.22
60.39,60.39,61.72,65.01,73.63
63.26,63.26,60.47,63.46,77.47
65.36,65.36,59.71,61.95,76.32
70.23,70.23,57.95,60.63,76.92
64.49,64.49,57.20,63.96,72.89
64.39,64.39,56.92,63.35,74.10
70.09,70.09,56.10,62.85,73.22
70.62,70.62,55.40,62.04,75.16
67.57,67.57,54.96,61.59,72.47
61.20,61.20,53.80,63.14,72.05
70.50,70.50,53.89,60.56,75.46
63.82,63.82,53.92,60.16,75.49
68.03,68.03,53.32,57.61,75.05
66.52,66.52,51.24,59.86,75.76
70.96,70.96,52.93,57.65,74.32
73.37,73.37,53.20,60.97,72.01
69.94,69.94,51.23,55.48,74.34
62.46,62.46,52.44,56.25,70.66
69.29,69.29,52.15,60.38,71.73
70.99,70.99,50.54,61.61,68.99
67.89,67.89,50.37,61.77,69.82
71.96,71.96,50.17,62.04,71.76
67.69,67.69,53.11,61.27,72.59
69.82,69.82,54.95,58.85,68.93
74.07,74.07,52.95,59.92,68.98
72.13,72.13,52.02,61.05,72.70
63.01,63.01,51.79,56.94,71.51
57.43,57.43,50.87,55.78,70.86
59.41,59.41,49.75,56.05,71.76
57.43,57.43,48.50,60.44,71.11
51.58,51.58,48.97,56.36,74.12
53.71,53.71,57.37,57.35,78.59
53.71,53.71,58.74,62.79,78.09
51.36,51.36,58.64,64.25,77.70
51.97,51.97,56.58,64.41,76.72
46.20,46.20,54.97,65.19,74.50
43.19,43.19,54.32,65.75,75.87
45.60,45.60,54.32,67.34,76.59
38.09,38.09,52.43,66.06,76.21
44.85,44.85,52.80,65.61,74.66
41.58,41.58,54.15,65.19,74.84
35.49,35.49,53.19,64.50,75.71
39.97,39.97,51.80,65.27,75.85
39.96,39.96,52.95,62.40,75.28
40.88,40.88,51.88,60.64,75.38
38.03,38.03,50.58,59.72,76.52
37.87,37.87,48.52,61.35,77.55
36.14,36.14,50.15,58.44,77.13
43.06,43.06,49.13,54.17,77.40
42.27,42.27,48.38,53.49,76.61
41.04,41.04,51.11,57.08,76.89
38.98,38.98,50.56,54.24,75.28
38.98,38.98,47.95,51.91,74.87
39.55,39.55,49.20,53.81,72.49
39.18,39.18,49.09,55.78,75.22
37.29,37.29,48.82,54.52,74.68
40.58,40.58,45.69,53.96,74.49
39.57,39.57,48.79,57.51,75.55
36.24,36.24,48.83,52.70,73.30
33.12,33.12,49.77,55.35,73.62
29.61,29.61,53.99,60.28,72.17
25.41,25.41,67.15,65.71,76.34
27.34,27.34,66.95,77.32,78.13
26.98,26.98,63.71,83.35,79.16
26.17,26.17,61.35,82.15,77.15
29.35,29.35,61.90,79.11,80.32
28.51,28.51,62.60,78.26,76.81
25.44,25.44,62.02,79.35,78.18
24.70,24.70,61.62,79.50,78.98
30.33,30.33,61.24,77.60,81.16
31.34,31.34,60.79,78.85,76.30
30.75,30.75,61.03,78.52,77.31
30.50,30.50,60.90,79.41,77.82
29.52,29.52,62.19,78.39,80.12
26.07,26.07,60.70,78.30,78.28
26.91,26.91,60.87,79.42,76.02
30.14,30.14,60.18,77.73,77.87
28.09,28.09,60.33,77.73,80.02
30.92,30.92,59.49,76.62,77.86
30.81,30.81,60.79,78.30,75.36
31.08,31.08,60.36,76.85,76.60
33.07,33.07,59.90,77.09,78.42
32.22,32.22,58.56,75.15,77.50
30.13,30.13,60.48,76.66,73.46
30.87,30.87,59.32,76.50,77.84
38.00,38.00,58.80,75.95,77.96
31.55,31.55,57.86,75.75,77.48
32.63,32.63,57.58,74.45,73.58
28.65,28.65,57.64,76.18,76.45
23.84,23.84,55.50,74.16,77.84
29.03,29.03,54.45,74.98,78.93
21.22,21.22,56.60,72.75,78.00
21.24,21.24,59.78,74.24,80.49
19.28,19.28,60.82,72.39,81.58
21.90,21.90,58.86,73.78,82.32
22.28,22.28,59.45,73.28,81.62
18.50,18.50,57.66,72.26,82.12
19.91,19.91,55.28,72.68,81.76
19.25,19.25,55.02,71.88,79.23
19.84,19.84,55.00,72.87,76.92
20.36,20.36,55.52,72.24,79.74
19.02,19.02,55.17,72.82,82.11
20.84,20.84,54.73,71.05,80.12
23.22,23.22,53.15,71.21,79.78
23.58,23.58,52.52,72.87,81.56
23.71,23.71,50.96,71.85,82.18
22.29,22.29,51.02,72.95,81.63
21.46,21.46,51.20,71.53,81.50
24.75,24.75,53.75,71.59,82.90
23.90,23.90,52.37,70.03,81.79
23.05,23.05,51.75,72.00,78.93
24.86,24.86,52.96,72.21,81.38
24.53,24.53,51.18,71.59,81.19
25.98,25.98,49.29,71.90,80.83
26.94,26.94,47.85,70.77,76.39
28.89,28.89,48.17,72.68,79.79
28.87,28.87,47.28,71.61,81.62
30.66,30.66,49.52,72.46,79.16
30.57,30.57,49.70,70.50,75.97
26.58,26.58,48.21,71.62,79.48
19.82,19.82,47.79,71.06,79.67
17.07,17.07,54.37,73.04,78.15
13.94,13.94,62.27,73.87,78.96
16.21,16.21,62.25,86.17,78.57
10.03,10.03,61.81,84.52,79.76
12.13,12.13,60.93,79.11,77.49
14.46,14.46,60.01,82.53,76.76
19.14,19.14,57.97,81.89,77.20
22.64,22.64,58.41,77.98,77.45
24.57,24.57,56.55,79.63,76.89
23.36,23.36,54.92,80.06,78.43
22.54,22.54,54.37,76.71,78.72
23.45,23.45,55.73,78.54,77.91
21.80,21.80,53.63,78.27,77.38
23.44,23.44,55.49,75.18,77.08
24.81,24.81,55.92,76.00,78.65
23.52,23.52,53.65,76.50,77.08
23.85,23.85,51.27,75.24,77.46
22.74,22.74,51.01,73.94,77.66
23.52,23.52,50.92,73.01,78.25
23.79,23.79,49.65,72.63,76.34
22.63,22.63,51.00,73.42,75.46
26.12,26.12,52.19,77.14,76.49
21.81,21.81,51.27,73.15,77.55
18.89,18.89,51.25,82.84,77.26
18.39,18.39,50.41,82.17,77.19
20.99,20.99,47.59,81.96,77.57
23.08,23.08,47.72,82.52,76.57
27.52,27.52,50.52,82.07,77.54
27.46,27.46,50.60,80.88,75.02
21.98,21.98,50.59,80.64,76.50
17.13,17.13,54.77,77.48,77.04
10.78,10.78,63.56,73.23,77.60
10.20,10.20,65.41,76.67,80.21
13.89,13.89,64.36,82.08,80.25
20.47,20.47,63.07,75.70,78.08
20.18,20.18,62.20,78.57,77.37
13.03,13.03,60.70,74.11,78.28
13.59,13.59,59.48,72.63,76.90
14.30,14.30,61.91,80.51,79.53
14.22,14.22,59.52,75.30,76.37
12.47,12.47,59.32,73.60,76.17
11.50,11.50,59.44,74.01,78.18
12.85,12.85,57.42,68.97,74.34
17.20,17.20,56.89,74.76,75.76
15.31,15.31,56.27,75.02,76.05
16.15,16.15,56.68,68.37,75.09
19.30,19.30,58.38,71.97,76.06
17.74,17.74,58.07,73.20,75.82
18.53,18.53,55.78,72.02,72.68
19.52,19.52,55.92,71.85,74.04
20.27,20.27,56.42,69.81,73.80
21.87,21.87,57.19,69.54,72.63
20.23,20.23,56.92,69.56,75.87
21.78,21.78,55.51,71.93,74.42
22.18,22.18,54.50,69.95,75.63
23.30,23.30,55.16,68.86,74.85
25.82,25.82,54.00,67.84,75.12
25.77,25.77,54.31,70.13,76.24
24.71,24.71,53.35,68.88,74.72
24.63,24.63,53.85,67.43,74.96
22.37,22.37,53.27,66.46,70.90
21.21,21.21,58.17,65.34,69.50
17.60,17.60,65.57,67.20,68.77
13.84,13.84,65.49,68.15,70.74
16.35,16.35,66.08,66.08,75.45
19.87,19.87,65.06,66.66,74.14
20.36,20.36,65.11,61.50,73.73
23.47,23.47,63.45,65.27,75.06
25.96,25.96,63.09,68.44,78.50
24.24,24.24,60.92,62.10,77.09
23.62,23.62,61.35,61.82,73.77
24.23,24.23,60.66,63.91,71.10
25.38,25.38,60.16,64.28,75.01
23.44,23.44,59.37,65.33,77.14
22.46,22.46,59.45,61.81,77.36
22.78,22.78,58.55,61.59,74.33
22.71,22.71,56.53,62.39,71.50
22.97,22.97,56.77,63.61,73.57
22.87,22.87,55.91,64.62,76.79
20.77,20.77,56.71,63.40,77.27
19.72,19.72,56.44,63.93,76.05
14.95,14.95,56.32,62.89,73.05
11.13,11.13,54.70,58.55,76.82
14.86,14.86,55.54,63.44,78.32
15.51,15.51,53.54,64.10,77.21
17.24,17.24,53.22,62.50,78.98
19.12,19.12,55.43,61.88,74.02
20.25,20.25,54.01,63.93,76.71
23.07,23.07,55.44,61.10,76.72
23.60,23.60,53.56,60.72,78.75
22.49,22.49,54.64,60.93,76.64
20.60,20.60,54.35,60.80,75.80
20.12,20.12,55.74,62.57,73.92
21.15,21.15,64.25,63.07,73.49
13.50,13.50,67.47,62.03,76.56
10.74,10.74,68.28,59.96,78.63
10.67,10.67,66.09,57.95,76.29
15.93,15.93,65.59,59.38,74.50
17.02,17.02,64.35,60.21,75.52
14.88,14.88,63.00,55.75,73.17
13.86,13.86,62.70,55.83,76.17
20.00,20.00,62.11,60.25,77.25
19.94,19.94,62.39,60.26,74.81
21.07,21.07,61.02,55.68,73.58
19.97,19.97,61.00,57.92,71.62
19.98,19.98,58.90,54.46,70.63
20.54,20.54,60.07,57.99,70.63
18.80,18.80,60.26,58.30,71.04
17.18,17.18,59.94,57.49,70.80
20.01,20.01,60.16,55.23,70.86
24.21,24.21,62.12,57.81,71.97
24.82,24.82,61.53,56.27,67.16
23.04,23.04,60.81,55.65,67.62
20.49,20.49,60.78,52.36,66.90
19.74,19.74,58.52,54.98,68.39
18.76,18.76,57.94,56.49,76.61
17.01,17.01,59.18,53.85,79.82
19.41,19.41,57.04,50.78,77.50
21.37,21.37,57.43,48.30,75.85
21.48,21.48,59.59,43.71,76.42
21.04,21.04,59.15,52.60,76.15
20.39,20.39,57.55,56.85,78.67
19.23,19.23,57.65,53.62,77.75
20.19,20.19,57.86,48.40,76.95
20.24,20.24,57.98,55.48,74.46
19.93,19.93,56.56,44.55,75.84
19.19,19.19,57.37,50.48,77.43
21.33,21.33,57.76,40.58,78.64
21.23,21.23,56.53,43.58,77.31
22.76,22.76,57.04,40.02,73.69
24.96,24.96,54.92,40.35,74.16
28.08,28.08,55.94,51.37,78.04
24.53,24.53,65.75,55.68,77.20
10.97,10.97,67.04,80.26,75.97
13.31,13.31,67.18,78.38,77.26
11.28,11.28,66.49,73.90,77.57
11.49,11.49,65.07,75.74,77.25
8.74,8.74,64.65,74.91,78.48
5.33,5.33,63.70,71.90,77.39
8.93,8.93,62.95,74.99,77.49
7.68,7.68,62.33,69.33,77.27
6.93,6.93,61.42,76.14,77.36
7.56,7.56,61.15,71.68,78.32
9.19,9.19,60.25,70.72,77.63
11.57,11.57,59.25,68.49,77.43
11.78,11.78,58.19,67.28,77.66
16.51,16.51,58.19,70.59,76.30
20.94,20.94,58.00,69.80,78.95
20.11,20.11,58.47,66.73,80.85
16.78,16.78,59.51,67.95,80.78
11.82,11.82,58.09,68.84,80.27
15.57,15.57,57.82,69.21,78.36
18.75,18.75,58.17,68.44,79.52
21.00,21.00,56.99,66.81,78.92
18.88,18.88,57.50,65.43,80.09
18.37,18.37,56.81,64.97,78.34
17.73,17.73,56.56,69.02,77.96
18.65,18.65,56.51,64.16,77.58
25.44,25.44,57.13,66.00,76.79
33.17,33.17,58.21,65.25,77.38
35.90,35.90,55.94,64.80,77.98
34.68,34.68,56.45,65.40,78.27
30.79,30.79,56.21,66.25,78.53
24.56,24.56,56.66,60.76,75.06
22.94,22.94,55.22,62.63,77.78
24.22,24.22,55.53,63.77,76.72
22.14,22.14,54.66,62.46,77.23
18.95,18.95,55.25,57.12,76.06
19.92,19.92,54.01,62.52,76.17
19.50,19.50,54.41,58.28,76.74
20.86,20.86,52.74,57.56,76.45
23.58,23.58,52.93,63.42,77.11
24.23,24.23,52.00,62.73,79.45
24.94,24.94,52.00,58.12,79.64
24.79,24.79,53.09,61.70,78.01
22.82,22.82,55.12,58.48,78.69
22.09,22.09,56.39,63.34,78.93
19.60,19.60,61.91,58.02,77.04
21.40,21.40,65.19,57.53,78.50
16.48,16.48,64.95,59.18,77.95
16.05,16.05,64.13,61.73,77.39
12.23,12.23,63.50,61.27,76.87
12.86,12.86,63.27,57.80,75.64
18.94,18.94,62.13,56.09,73.98
15.61,15.61,61.18,60.35,74.42
9.72,9.72,59.13,59.93,77.15
6.04,6.04,58.89,59.11,80.09
6.48,6.48,58.21,57.08,79.83
10.03,10.03,57.96,55.23,80.64
11.32,11.32,56.77,56.68,79.98
11.39,11.39,56.83,60.43,78.54
11.04,11.04,55.71,55.47,78.56
14.75,14.75,55.47,54.40,77.94
14.77,14.77,55.41,55.81,74.43
15.45,15.45,55.52,57.68,74.64
17.50,17.50,55.06,55.88,75.49
18.96,18.96,54.63,55.90,76.06
20.28,20.28,53.85,47.98,73.86
22.26,22.26,54.61,51.13,76.13
23.58,23.58,54.61,56.04,77.44
21.97,21.97,54.55,58.22,76.64
22.18,22.18,56.38,53.24,75.34
23.17,23.17,54.25,53.85,75.68
24.14,24.14,52.87,57.24,74.39
24.38,24.38,53.67,57.86,73.61
24.87,24.87,54.09,51.61,73.77
27.10,27.10,56.39,56.54,71.47
26.53,26.53,54.72,59.55,72.37
26.94,26.94,54.08,51.39,72.92
26.51,26.51,52.59,49.66,73.82
27.62,27.62,53.12,52.32,71.04
25.14,25.14,51.21,52.61,73.46
27.88,27.88,51.12,49.26,78.65
28.61,28.61,50.83,50.54,79.30
27.53,27.53,51.17,47.45,78.05
28.85,28.85,51.61,50.92,77.69
29.63,29.63,51.09,50.99,76.64
29.21,29.21,51.13,48.93,75.39
26.39,26.39,51.99,50.87,74.13
26.02,26.02,52.42,52.14,74.07
24.69,24.69,52.34,50.39,73.68
25.89,25.89,53.71,46.64,72.67
26.22,26.22,51.96,45.36,71.31
26.60,26.60,51.71,50.27,71.08
25.40,25.40,51.07,52.01,69.85
25.08,25.08,51.00,48.30,71.28
26.63,26.63,50.55,40.48,69.95
25.92,25.92,49.71,43.23,71.02
24.90,24.90,50.08,43.05,71.82
22.23,22.23,50.99,43.49,71.83
20.90,20.90,50.96,46.92,71.37
20.85,20.85,58.32,43.39,71.74
20.72,20.72,57.20,46.34,71.34
22.73,22.73,57.51,45.25,69.11
24.29,24.29,56.39,37.02,68.88
26.09,26.09,56.32,40.89,70.91
25.96,25.96,56.05,46.96,69.92
24.79,24.79,55.42,43.79,67.53
26.60,26.60,55.21,37.50,68.55
26.92,26.92,54.55,40.52,68.84
27.48,27.48,52.15,43.31,68.91
28.35,28.35,53.02,41.05,67.91
28.24,28.24,53.05,43.03,68.06
28.80,28.80,51.56,32.57,67.67
24.85,24.85,51.58,39.34,67.71
24.79,24.79,51.51,40.68,73.43
24.45,24.45,51.32,36.77,74.81
25.55,25.55,50.75,31.95,74.99
24.97,24.97,50.01,37.06,72.91
26.06,26.06,50.64,44.09,71.84
27.15,27.15,51.29,39.35,71.20
26.55,26.55,49.70,38.65,70.60
25.54,25.54,48.79,37.48,72.04
25.74,25.74,47.11,45.77,71.82
25.68,25.68,47.25,43.86,69.28
26.38,26.38,49.96,42.00,69.98
26.53,26.53,46.32,39.60,68.63
27.71,27.71,46.65,40.87,68.93
27.34,27.34,49.88,43.33,68.19
27.66,27.66,49.95,37.32,67.59
29.33,29.33,50.62,31.39,67.04
28.56,28.56,45.69,37.92,67.08
28.06,28.06,49.14,35.97,66.04
25.30,25.30,50.11,36.13,66.03
24.68,24.68,49.26,30.64,66.15
26.30,26.30,49.15,33.78,70.84
25.67,25.67,45.67,40.42,65.95
24.65,24.65,43.42,32.16,70.44
23.83,23.83,53.54,39.61,68.10
24.16,24.16,46.73,33.90,66.17
26.33,26.33,44.68,34.45,67.23
27.78,27.78,48.54,39.70,67.22
28.24,28.24,48.13,37.91,67.60
28.84,28.84,48.97,32.04,65.10
30.11,30.11,47.19,33.55,66.58
30.46,30.46,45.88,33.94,65.07
29.45,29.45,47.57,35.17,65.59
29.39,29.39,49.89,34.23,65.23
27.73,27.73,44.82,32.49,63.96
29.86,29.86,46.64,29.40,64.09
30.19,30.19,47.84,27.35,64.65
30.47,30.47,49.83,30.98,63.56
28.66,28.66,46.47,34.86,65.69
30.99,30.99,46.60,34.64,63.72
31.88,31.88,42.68,33.44,64.61
31.96,31.96,47.74,36.25,63.79
29.18,29.18,48.06,32.88,63.99
27.77,27.77,39.45,36.18,64.24
20.49,20.49,44.96,37.74,66.13
17.98,17.98,43.05,35.86,66.45
17.28,17.28,42.98,38.64,67.11
19.50,19.50,38.26,33.02,70.16
21.74,21.74,38.09,40.68,67.41
22.86,22.86,45.53,35.15,69.31
23.88,23.88,47.66,36.35,70.07
24.44,24.44,42.79,36.42,66.66
24.56,24.56,47.10,33.59,68.22
25.78,25.78,39.61,31.60,67.04
26.16,26.16,42.41,30.06,67.37
25.88,25.88,47.89,36.10,66.20
25.18,25.18,37.44,31.05,65.24
24.41,24.41,42.05,34.45,65.44
24.20,24.20,46.48,31.24,67.74
24.75,24.75,43.96,29.22,65.90
25.94,25.94,43.17,34.28,64.88
26.26,26.26,43.22,30.28,65.03
26.99,26.99,40.08,36.18,64.15
25.31,25.31,46.96,34.07,64.48
26.41,26.41,41.03,32.49,64.04
26.65,26.65,42.91,36.04,63.63
24.21,24.21,42.49,32.09,63.99
25.51,25.51,43.12,33.47,63.64
25.94,25.94,47.61,34.75,64.37
28.61,28.61,45.39,38.62,65.40
27.74,27.74,37.99,34.47,63.07
25.70,25.70,44.40,36.48,62.83
18.66,18.66,45.14,38.10,62.28
11.33,11.33,46.62,37.78,64.14
9.42,9.42,42.44,37.49,66.04
14.56,14.56,40.28,34.58,64.26
18.74,18.74,45.58,35.91,65.68
21.98,21.98,46.12,36.41,66.52
24.19,24.19,46.25,35.02,66.17
24.66,24.66,44.13,39.19,66.72
25.66,25.66,46.25,36.32,68.12
24.90,24.90,50.66,34.40,66.51
26.27,26.27,42.34,31.36,65.68
25.40,25.40,41.31,38.75,63.47
23.82,23.82,51.75,36.73,62.51
24.23,24.23,47.62,33.44,62.72
25.82,25.82,44.13,30.48,62.71
25.93,25.93,49.94,31.31,62.30
25.82,25.82,44.51,33.86,61.13
25.58,25.58,44.35,36.38,61.63
24.85,24.85,53.04,38.75,61.58
24.43,24.43,50.11,38.35,60.84
23.36,23.36,49.35,41.35,59.79
22.45,22.45,51.61,40.06,60.15
26.46,26.46,57.15,38.86,57.82
16.36,16.36,58.74,39.70,59.08
13.72,13.72,59.74,39.95,59.20
11.74,11.74,59.63,40.86,59.87
9.59,9.59,61.22,40.99,59.57
9.36,9.36,61.31,35.63,58.07
11.45,11.45,61.91,32.61,57.70
9.81,9.81,62.34,36.71,57.75
11.79,11.79,62.23,36.85,58.23
12.63,12.63,64.47,35.66,58.48
13.42,13.42,65.00,36.00,58.70
14.54,14.54,64.53,37.17,57.12
15.88,15.88,65.25,31.32,56.10
17.74,17.74,65.90,36.26,54.51
17.91,17.91,64.85,33.95,54.71
18.23,18.23,66.65,41.65,54.86
17.49,17.49,67.09,37.43,55.57
17.58,17.58,67.32,39.85,56.44
22.20,22.20,67.13,33.16,55.20
27.30,27.30,68.18,34.18,54.23
26.59,26.59,67.62,30.82,54.03
28.50,28.50,69.87,29.29,54.44
29.92,29.92,67.27,23.47,55.18
25.14,25.14,68.43,22.36,56.19
18.96,18.96,68.54,23.80,62.11
9.51,9.51,70.32,24.14,69.19
11.32,11.32,68.70,20.92,69.18
11.76,11.76,68.87,23.85,70.60
13.46,13.46,68.65,23.25,70.41
5.95,5.95,68.24,30.19,72.02
16.10,16.10,68.88,37.08,74.46
18.90,18.90,66.76,39.99,72.40
16.15,16.15,66.62,37.53,76.55
9.21,9.21,66.01,49.17,76.99
9.85,9.85,67.92,61.94,76.51
10.19,10.19,66.58,67.59,75.64
9.41,9.41,66.07,80.62,75.93
8.16,8.16,64.30,87.35,75.76
6.09,6.09,65.07,84.46,76.17
4.88,4.88,66.05,77.58,74.96
7.04,7.04,65.42,72.74,76.12
10.06,10.06,64.51,76.41,75.56
4.90,4.90,64.03,75.91,72.63
8.68,8.68,65.30,76.67,73.72
14.71,14.71,65.54,78.62,79.36
17.80,17.80,65.33,77.66,75.71
24.54,24.54,64.56,73.86,79.29
26.44,26.44,65.48,73.00,74.82
22.95,22.95,66.58,71.59,77.16
19.44,19.44,64.88,71.31,74.99
15.67,15.67,64.61,72.93,77.47
17.00,17.00,64.05,72.98,74.91
19.97,19.97,66.83,72.02,76.13
18.14,18.14,66.95,71.90,77.08
15.77,15.77,65.46,69.25,77.22
15.29,15.29,66.54,68.97,73.65
11.72,11.72,68.04,70.26,76.72
8.50,8.50,66.74,71.22,74.62
8.40,8.40,65.42,71.45,76.76
19.33,19.33,65.27,68.46,76.65
25.13,25.13,65.36,69.19,78.40
15.14,15.14,64.20,66.11,78.84
7.30,7.30,63.54,68.53,72.53
12.13,12.13,63.19,68.70,77.87
11.99,11.99,63.01,69.33,77.45
5.42,5.42,64.17,69.62,78.05
10.43,10.43,64.12,69.11,76.29
7.78,7.78,63.53,69.51,75.15
8.94,8.94,63.46,68.66,76.09
6.60,6.60,67.69,67.78,76.76
13.04,13.04,66.02,67.09,78.01
10.53,10.53,66.76,67.58,77.44
9.08,9.08,63.75,67.96,76.15
8.64,8.64,64.94,67.91,74.69
12.31,12.31,64.97,66.64,77.65
7.23,7.23,63.01,67.35,76.88
8.48,8.48,62.98,66.69,75.91
14.11,14.11,67.54,67.70,74.95
17.34,17.34,68.31,64.17,75.09
10.93,10.93,67.13,64.93,75.14
10.37,10.37,66.87,64.61,74.93
11.56,11.56,64.77,63.51,73.84
15.44,15.44,65.61,63.22,72.92
11.77,11.77,64.62,63.93,74.38
9.20,9.20,65.17,62.51,73.61
5.95,5.95,65.37,62.17,76.75
4.32,4.32,65.88,61.96,74.46
4.29,4.29,64.55,63.77,74.19
7.99,7.99,64.48,64.04,72.31
18.27,18.27,68.23,63.85,76.12
17.37,17.37,66.08,63.53,76.12
6.58,6.58,64.86,63.12,73.92
8.85,8.85,64.08,62.05,72.97
7.70,7.70,63.83,61.32,74.77
12.19,12.19,64.54,63.71,76.00
11.93,11.93,62.18,62.19,75.28
11.22,11.22,62.95,62.40,73.54
9.48,9.48,61.64,59.91,74.02
7.82,7.82,61.58,60.68,72.28
10.30,10.30,62.11,60.52,73.99
7.65,7.65,62.89,59.49,74.80
10.24,10.24,66.50,61.36,74.94
7.72,7.72,66.87,60.17,76.65
12.01,12.01,65.99,60.30,71.35
11.51,11.51,64.99,61.93,73.59
9.76,9.76,64.90,61.65,73.41
7.83,7.83,65.25,59.24,74.32
7.22,7.22,63.80,61.23,73.38
8.35,8.35,63.53,57.67,72.16
8.09,8.09,62.60,59.58,71.87
5.45,5.45,62.45,57.15,73.70
5.64,5.64,62.24,57.48,74.61
6.12,6.12,60.11,57.35,73.65
6.02,6.02,60.29,56.74,70.55
3.83,3.83,60.71,60.50,73.57
5.27,5.27,60.04,60.12,72.70
18.49,18.49,63.95,57.46,76.79
10.78,10.78,64.95,57.99,73.13
9.86,9.86,63.53,58.73,71.78
15.03,15.03,62.71,56.89,71.59
10.57,10.57,61.62,56.30,75.55
10.38,10.38,61.47,57.14,73.22
12.30,12.30,61.69,56.19,73.40
12.67,12.67,60.33,57.06,72.56
11.74,11.74,59.23,54.93,74.49
8.30,8.30,58.54,57.14,71.06
9.70,9.70,58.20,53.36,74.21
11.80,11.80,57.32,53.55,71.82
12.76,12.76,56.93,53.01,73.23
12.98,12.98,56.55,52.72,73.88
14.75,14.75,57.23,52.58,74.03
15.79,15.79,56.53,52.68,73.38
16.83,16.83,57.27,53.28,72.35
20.44,20.44,55.55,53.76,72.64
20.27,20.27,54.79,50.22,73.13
19.34,19.34,56.26,50.09,72.31
11.76,11.76,55.99,46.92,72.39
6.65,6.65,60.19,48.32,69.98
11.23,11.23,65.65,49.20,72.47
6.63,6.63,64.98,49.22,71.06
2.37,2.37,65.06,49.73,73.88
2.80,2.80,64.48,46.02,72.53
4.79,4.79,63.77,46.35,70.89
4.48,4.48,62.77,45.93,73.29
6.31,6.31,61.39,44.82,71.59
8.37,8.37,61.62,49.52,73.79
9.26,9.26,60.77,46.45,72.53
12.09,12.09,60.16,45.33,71.94
11.04,11.04,58.72,46.54,72.16
11.58,11.58,56.91,46.05,70.34
13.22,13.22,57.97,44.25,73.08
16.51,16.51,57.15,49.91,70.41
15.79,15.79,56.75,49.55,71.80
17.88,17.88,56.03,51.44,73.24
19.32,19.32,55.61,51.50,73.50
20.35,20.35,54.87,50.08,74.40
20.19,20.19,53.90,49.57,68.74
20.83,20.83,55.72,46.70,72.41
21.14,21.14,54.44,49.19,71.23
20.79,20.79,53.69,50.70,71.81
19.34,19.34,51.81,52.10,70.81
20.92,20.92,52.67,50.64,71.98
20.08,20.08,51.81,49.41,70.77
19.70,19.70,51.04,50.42,69.95
19.34,19.34,51.71,49.06,72.28
19.78,19.78,50.65,50.63,72.47
19.00,19.00,50.99,52.10,68.27
20.91,20.91,50.16,50.06,72.55
20.65,20.65,48.86,50.14,71.20
22.27,22.27,48.95,54.49,71.05
20.95,20.95,48.89,52.41,70.91
20.56,20.56,48.99,54.12,69.73
21.53,21.53,49.63,55.14,71.43
22.36,22.36,50.69,55.22,68.34
23.23,23.23,50.13,54.08,70.60
21.63,21.63,49.08,53.29,70.94
20.34,20.34,49.43,50.52,70.60
16.40,16.40,50.34,52.91,71.80
17.15,17.15,53.98,54.69,68.85
16.82,16.82,56.97,55.97,69.73
12.20,12.20,57.94,54.65,70.31
11.92,11.92,57.09,54.12,70.27
13.57,13.57,57.45,53.79,71.44
13.79,13.79,56.51,55.97,69.71
14.61,14.61,56.49,57.19,70.95
15.87,15.87,55.83,56.48,72.51
16.17,16.17,54.98,54.07,71.14
17.60,17.60,53.25,53.98,71.10
19.87,19.87,51.97,52.81,71.51
21.06,21.06,51.63,51.89,68.49
20.83,20.83,51.88,53.08,67.32
21.08,21.08,49.90,52.79,66.46
22.43,22.43,49.93,53.60,70.53
22.41,22.41,49.46,53.00,71.08
22.25,22.25,49.95,56.55,71.93
22.22,22.22,48.19,57.12,72.40
23.35,23.35,47.81,54.74,72.38
23.29,23.29,47.56,54.39,71.48
23.07,23.07,47.38,55.80,71.43
23.81,23.81,47.92,55.03,69.57
23.78,23.78,47.03,54.30,68.59
24.50,24.50,46.29,54.46,68.75
24.63,24.63,46.59,54.39,68.85
25.13,25.13,45.76,56.90,66.41
25.18,25.18,44.55,56.87,71.62
23.00,23.00,43.87,56.05,67.77
23.24,23.24,44.71,57.73,72.58
23.32,23.32,44.22,57.94,69.65
22.86,22.86,45.10,57.94,72.03
23.64,23.64,43.04,55.04,71.18
24.22,24.22,43.19,57.92,70.32
24.67,24.67,42.94,57.08,71.54
25.05,25.05,41.98,55.15,69.17
25.43,25.43,42.45,56.37,72.50
26.14,26.14,42.17,58.21,69.24
25.71,25.71,43.03,57.77,68.33
24.57,24.57,41.95,55.61,70.79
24.83,24.83,40.74,57.29,68.59
26.29,26.29,40.60,58.90,71.18
25.50,25.50,39.91,58.54,69.81
26.26,26.26,39.81,56.11,72.70
25.18,25.18,40.40,56.36,70.17
24.15,24.15,39.25,57.24,69.17
23.84,23.84,40.10,56.59,71.81
23.28,23.28,39.60,56.92,69.11
21.89,21.89,38.22,55.94,70.03
22.01,22.01,37.89,54.57,68.44
21.88,21.88,37.11,55.75,69.20
23.65,23.65,36.60,57.55,71.33
24.58,24.58,36.58,56.14,70.56
24.44,24.44,36.33,55.45,72.23
24.53,24.53,37.24,56.04,67.94
23.81,23.81,35.37,55.65,71.39
24.66,24.66,34.91,53.44,71.25
24.48,24.48,35.09,54.12,71.90
23.30,23.30,35.51,54.49,73.63
26.30,26.30,35.97,54.51,72.21
26.64,26.64,36.30,56.14,71.70
25.75,25.75,34.50,58.14,67.67
26.15,26.15,34.60,58.54,71.01
26.23,26.23,34.42,57.26,67.95
25.72,25.72,34.06,55.87,68.87
24.68,24.68,33.38,56.53,65.81
25.12,25.12,32.02,56.08,66.39
24.46,24.46,31.05,55.83,67.53
24.47,24.47,29.83,57.19,68.09
25.15,25.15,30.34,57.03,70.92
25.24,25.24,30.84,55.77,70.76
27.07,27.07,31.95,53.34,71.61
25.19,25.19,30.31,55.64,73.12
24.35,24.35,30.27,57.17,73.81
25.96,25.96,29.29,56.02,70.07
24.91,24.91,27.82,54.39,69.29
24.54,24.54,27.51,52.46,70.92
23.31,23.31,27.16,52.26,68.27
21.50,21.50,27.08,52.10,68.24
21.86,21.86,26.46,53.24,70.18
21.89,21.89,26.35,53.30,70.93
20.65,20.65,26.58,54.42,71.54
22.10,22.10,26.45,52.90,74.94
22.72,22.72,26.60,52.08,72.02
20.68,20.68,25.38,51.07,73.50
22.28,22.28,26.78,51.47,71.54
23.93,23.93,26.39,53.81,72.50
24.82,24.82,25.31,51.65,70.72
24.62,24.62,24.36,48.32,67.71
23.11,23.11,24.57,48.26,68.40
20.28,20.28,23.86,50.17,69.97
18.41,18.41,23.25,49.14,72.83
20.26,20.26,23.67,48.80,74.06
19.74,19.74,22.92,49.72,74.74
18.90,18.90,22.33,51.43,69.49
20.65,20.65,23.07,53.42,73.37
20.11,20.11,22.48,51.36,73.59
21.73,21.73,22.50,48.92,72.73
21.91,21.91,21.37,44.93,75.49
21.29,21.29,23.28,46.79,73.37
20.28,20.28,22.79,49.09,72.79
21.65,21.65,22.14,48.50,71.04
21.60,21.60,21.97,46.67,72.10
21.26,21.26,21.99,42.32,70.27
21.09,21.09,20.99,46.55,70.05
20.62,20.62,19.67,49.03,68.21
18.80,18.80,18.95,44.17,70.57
17.94,17.94,19.21,38.09,69.65
20.28,20.28,19.18,44.42,73.87
22.38,22.38,19.57,44.00,70.64
19.77,19.77,19.39,40.97,71.74
18.10,18.10,20.19,34.09,68.23
18.79,18.79,19.67,44.82,69.65
19.66,19.66,19.29,46.04,69.09
20.36,20.36,19.82,41.71,72.21
19.88,19.88,19.51,35.72,70.13
21.98,21.98,19.30,39.64,68.33
20.51,20.51,19.29,44.51,71.95
20.33,20.33,19.26,43.74,71.76
17.17,17.17,17.16,44.60,73.11
17.48,17.48,17.67,36.87,72.80
20.69,20.69,17.98,40.62,72.01
19.45,19.45,18.57,42.58,74.70
20.05,20.05,17.46,38.29,71.55
19.86,19.86,17.85,35.19,71.98
21.66,21.66,18.22,39.70,71.86
21.80,21.80,18.96,38.34,70.60
20.31,20.31,18.78,38.82,72.53
20.55,20.55,18.94,38.45,72.18
20.34,20.34,19.66,33.84,72.92
20.41,20.41,19.53,34.38,71.18
20.53,20.53,18.06,28.60,73.33
18.95,18.95,19.06,34.14,73.81
17.81,17.81,19.63,37.77,70.53
17.68,17.68,19.64,37.57,71.68
18.39,18.39,22.15,35.13,70.36
17.10,17.10,20.87,40.81,73.37
17.60,17.60,20.52,38.05,66.55
21.29,21.29,19.69,34.65,67.27
19.90,19.90,19.57,38.84,70.09
18.72,18.72,20.19,36.40,71.57
16.55,16.55,19.08,39.92,72.12
16.57,16.57,18.32,30.47,72.62
16.81,16.81,18.42,35.35,70.66
14.88,14.88,18.66,30.23,71.41
13.32,13.32,20.11,32.33,71.65
12.73,12.73,19.29,36.19,69.25
12.64,12.64,18.11,35.05,72.59
14.47,14.47,19.33,35.32,73.18
14.48,14.48,18.56,36.82,70.86
16.79,16.79,19.30,41.82,72.30
17.31,17.31,18.40,31.25,68.81
17.18,17.18,17.30,36.87,68.65
17.23,17.23,17.26,44.23,66.23
17.57,17.57,16.18,34.29,68.79
18.16,18.16,17.01,32.86,67.05
17.17,17.17,16.59,37.13,67.63
17.86,17.86,16.27,34.87,68.86
17.29,17.29,16.02,31.03,70.51
17.55,17.55,15.70,33.25,70.97
17.73,17.73,17.39,40.01,69.60
17.81,17.81,17.20,30.90,68.26
17.41,17.41,17.91,34.63,67.12
15.90,15.90,17.02,36.92,68.21
17.13,17.13,19.02,43.99,71.84
18.60,18.60,17.52,41.18,67.20
18.07,18.07,18.37,32.65,70.70
16.18,16.18,18.15,36.77,69.38
14.54,14.54,17.92,39.97,69.02
12.42,12.42,16.77,44.02,70.03
13.50,13.50,16.79,42.81,70.23
14.32,14.32,17.95,37.76,68.99
15.60,15.60,18.85,30.20,68.21
14.68,14.68,21.04,34.45,68.05
16.69,16.69,20.72,33.35,68.45
16.90,16.90,21.98,39.97,67.12
15.89,15.89,19.68,31.43,67.06
15.45,15.45,18.75,30.02,68.31
16.12,16.12,20.46,34.93,68.88
17.84,17.84,19.72,42.85,68.07
20.93,20.93,20.62,39.65,69.89
20.28,20.28,19.61,35.85,64.05
22.19,22.19,18.07,34.97,67.10
23.88,23.88,19.84,29.77,69.35
23.29,23.29,19.54,37.11,68.50
24.35,24.35,20.54,36.76,66.71
23.98,23.98,19.93,37.11,68.66
22.08,22.08,24.53,27.48,66.35
23.72,23.72,21.39,31.78,65.46
25.62,25.62,22.68,32.73,67.89
26.84,26.84,23.81,27.09,66.85
24.25,24.25,20.38,28.49,67.33
23.04,23.04,21.83,37.35,67.67
24.89,24.89,20.89,27.62,69.88
24.65,24.65,20.80,33.05,68.64
26.75,26.75,20.86,32.70,65.90
26.03,26.03,21.98,28.74,63.02
26.16,26.16,22.59,32.74,62.41
28.00,28.00,23.01,31.76,66.08
27.21,27.21,24.62,40.01,67.33
27.23,27.23,24.65,35.71,67.92
29.58,29.58,24.36,28.11,63.50
31.26,31.26,24.74,27.35,68.23
28.89,28.89,25.08,36.68,64.51
29.67,29.67,26.82,34.81,62.92
28.71,28.71,24.10,30.20,64.31
28.99,28.99,24.45,29.88,62.59
28.50,28.50,25.11,28.07,65.12
29.28,29.28,25.44,30.05,65.70
28.44,28.44,26.26,40.70,63.59
28.83,28.83,26.28,34.29,63.47
30.22,30.22,27.90,38.69,64.62
29.57,29.57,28.43,34.49,62.50
30.54,30.54,28.65,34.28,64.31
29.32,29.32,28.65,31.21,66.49
28.71,28.71,27.23,32.37,65.30
29.67,29.67,30.59,38.79,66.70
30.57,30.57,30.95,36.30,66.62
30.49,30.49,27.73,26.89,63.55
30.34,30.34,28.37,32.94,66.34
29.65,29.65,25.93,25.24,65.73
29.73,29.73,27.47,30.57,64.95
27.54,27.54,27.18,31.84,62.61
26.73,26.73,29.42,35.05,62.95
29.11,29.11,29.24,28.98,62.49
28.51,28.51,29.09,31.08,64.76
28.99,28.99,31.22,30.63,63.53
27.95,27.95,32.12,29.31,62.39
29.79,29.79,30.33,32.73,61.76
29.00,29.00,32.97,34.28,63.90
29.73,29.73,33.73,33.28,61.23
28.61,28.61,32.61,32.89,61.33
29.84,29.84,31.27,32.88,62.90
29.00,29.00,31.56,31.14,63.30
28.14,28.14,33.70,28.52,60.28
26.40,26.40,32.96,32.94,62.12
27.01,27.01,34.50,33.58,59.13
26.56,26.56,32.72,33.88,65.35
26.43,26.43,33.52,26.34,60.54
27.33,27.33,32.82,30.92,63.05
27.49,27.49,31.66,33.08,60.69
27.78,27.78,34.91,30.02,61.19
27.10,27.10,35.04,34.49,61.99
27.34,27.34,31.08,33.43,61.21
28.97,28.97,33.89,32.99,61.72
28.89,28.89,33.12,32.26,62.25
28.35,28.35,37.56,31.69,62.17
29.56,29.56,37.09,29.92,61.22
29.14,29.14,42.16,35.29,60.57
30.58,30.58,40.69,30.56,59.93
29.46,29.46,38.66,30.27,60.57
28.87,28.87,38.69,30.01,59.78
27.31,27.31,37.79,28.27,62.83
29.29,29.29,41.87,29.84,63.71
29.60,29.60,42.64,24.73,61.67
29.19,29.19,46.01,31.15,62.19
31.13,31.13,48.61,26.96,63.95
28.56,28.56,49.07,26.79,61.48
27.24,27.24,45.78,32.85,61.40
27.24,27.24,46.86,27.82,59.22
26.86,26.86,44.25,30.20,58.66
28.01,28.01,48.50,25.33,57.71
28.46,28.46,45.19,28.44,59.21
28.01,28.01,47.20,25.39,53.78
30.09,30.09,47.27,30.72,58.18
29.95,29.95,46.78,30.84,54.82
30.16,30.16,46.08,32.62,56.81
29.53,29.53,46.87,31.17,58.55
30.15,30.15,47.50,33.82,58.63
30.16,30.16,50.72,27.68,56.88
29.07,29.07,45.76,36.28,59.02
29.63,29.63,48.78,31.64,56.42
30.24,30.24,46.08,35.67,60.74
29.58,29.58,42.76,32.60,59.45
30.12,30.12,45.61,37.05,60.63
30.19,30.19,45.07,38.25,58.91
28.99,28.99,42.24,35.56,57.14
29.54,29.54,46.11,36.50,57.20
31.01,31.01,44.49,31.38,55.87
28.31,28.31,43.28,33.04,56.38
27.91,27.91,47.75,36.65,56.32
27.65,27.65,47.53,41.72,54.93
28.46,28.46,47.49,37.39,56.25
28.09,28.09,48.47,44.42,54.80
29.42,29.42,49.15,40.75,52.27
28.45,28.45,49.86,43.72,53.84
28.09,28.09,45.26,39.17,52.25
26.90,26.90,47.67,41.37,54.69
28.31,28.31,47.02,42.68,52.82
27.77,27.77,47.62,40.73,54.53
27.78,27.78,45.18,41.81,53.53
29.40,29.40,46.52,38.63,51.10
28.38,28.38,48.36,41.27,52.78
26.43,26.43,47.11,28.89,49.45
27.12,27.12,46.69,34.95,51.57
28.28,28.28,46.20,37.15,52.35
28.85,28.85,50.12,40.61,51.16
26.28,26.28,49.71,39.74,51.33
25.05,25.05,48.36,40.25,50.85
26.95,26.95,46.80,40.41,52.11
27.08,27.08,46.46,34.75,48.26
29.33,29.33,49.11,36.74,49.36
27.80,27.80,50.28,32.80,49.38
29.35,29.35,47.31,32.80,48.03
30.25,30.25,50.17,33.73,50.71
29.87,29.87,45.16,34.70,50.40
29.15,29.15,49.18,37.72,53.26
30.33,30.33,49.17,38.14,53.27
29.39,29.39,49.91,37.09,51.26
29.43,29.43,46.28,38.03,49.62
28.58,28.58,47.73,38.78,48.58
29.40,29.40,42.52,35.80,45.43
27.43,27.43,46.49,36.75,43.50
27.02,27.02,45.36,33.85,45.67
29.19,29.19,51.20,41.17,48.93
26.15,26.15,47.20,32.17,48.56
29.06,29.06,50.99,40.04,49.79
27.13,27.13,45.32,36.68,50.07
27.25,27.25,46.58,36.26,49.60
26.85,26.85,45.75,35.16,48.49
28.61,28.61,47.06,37.64,48.87
27.27,27.27,42.86,37.92,47.45
28.53,28.53,48.10,39.96,46.01
27.24,27.24,45.48,40.98,44.82
26.65,26.65,45.43,35.41,43.81
27.89,27.89,45.66,38.47,45.20
28.26,28.26,50.36,38.40,43.93
25.31,25.31,47.30,31.77,44.70
25.14,25.14,48.25,36.08,44.82
25.20,25.20,49.53,40.38,43.46
25.51,25.51,47.31,37.42,42.80
26.18,26.18,46.66,36.88,45.44
26.12,26.12,45.92,41.45,47.49
25.98,25.98,43.36,38.71,45.88
24.78,24.78,44.34,36.96,44.86
26.51,26.51,47.19,40.73,45.42
25.40,25.40,45.79,39.23,42.84
25.79,25.79,45.97,38.53,41.94
24.72,24.72,45.02,39.47,41.50
25.18,25.18,44.80,32.55,38.24
25.50,25.50,46.06,39.84,41.79
25.62,25.62,46.03,38.02,39.42
23.86,23.86,46.08,37.70,39.33
23.59,23.59,41.22,36.46,35.73
24.51,24.51,47.20,36.73,36.15
22.97,22.97,47.73,39.35,36.27
22.74,22.74,44.99,30.95,36.87
23.70,23.70,46.20,36.84,37.87
24.35,24.35,43.71,37.81,37.41
23.82,23.82,43.45,31.66,38.19
23.52,23.52,41.57,38.15,37.57
24.55,24.55,44.18,33.30,35.97
24.15,24.15,47.34,38.26,34.12
25.43,25.43,41.37,31.73,33.46
24.89,24.89,46.59,34.51,34.25
24.25,24.25,43.62,31.07,33.83
23.08,23.08,36.30,29.70,31.64
24.48,24.48,42.03,35.98,35.58
22.62,22.62,40.38,31.44,31.55
23.84,23.84,40.86,33.38,30.71
24.66,24.66,37.63,29.29,31.99
21.47,21.47,39.65,33.04,31.39
23.72,23.72,41.70,35.22,27.71
23.67,23.67,38.36,36.11,30.55
24.08,24.08,38.88,34.28,28.71
22.57,22.57,38.48,34.21,28.21
23.84,23.84,40.29,33.95,27.44
23.41,23.41,40.64,36.31,29.87
23.58,23.58,37.98,35.19,26.77
22.15,22.15,37.12,32.67,27.14
22.41,22.41,34.03,27.55,26.07
21.44,21.44,34.62,30.70,24.78
19.82,19.82,36.88,30.09,22.58
21.51,21.51,39.26,29.55,23.60
21.85,21.85,39.11,31.76,23.99
24.35,24.35,37.27,31.57,23.50
20.85,20.85,37.04,30.20,22.22
22.76,22.76,33.69,25.59,24.90
20.92,20.92,31.35,20.64,20.96
21.83,21.83,33.57,26.43,20.23
21.04,21.04,35.00,27.29,21.00
20.54,20.54,34.34,25.61,20.48
20.07,20.07,37.17,28.06,23.05
19.02,19.02,35.78,25.46,21.55
19.69,19.69,32.36,26.19,20.49
18.48,18.48,33.10,24.59,20.03
19.91,19.91,31.83,25.81,18.89
19.24,19.24,35.70,28.81,20.62
19.39,19.39,33.95,27.84,19.05
19.00,19.00,35.16,30.41,18.90
19.27,19.27,32.58,28.91,19.74
19.49,19.49,35.07,30.07,18.61
20.38,20.38,34.41,27.28,17.48
19.70,19.70,36.88,30.86,18.60
18.13,18.13,34.09,25.31,18.31
17.41,17.41,31.62,25.55,17.93
17.91,17.91,29.31,21.75,17.38
17.77,17.77,30.50,23.33,19.96
18.09,18.09,27.94,19.01,18.06
17.82,17.82,30.87,25.50,16.88
16.73,16.73,32.19,24.54,18.29
16.62,16.62,31.79,27.31,18.18
16.47,16.47,34.22,27.82,17.13
18.56,18.56,35.95,28.55,17.99
17.18,17.18,34.97,29.90,16.94
16.77,16.77,33.94,28.89,17.57
15.35,15.35,31.17,26.91,16.03
17.33,17.33,31.20,24.14,16.36
17.46,17.46,34.81,27.82,14.46
18.71,18.71,26.88,20.40,15.81
15.94,15.94,30.54,24.16,15.39
15.03,15.03,27.50,19.47,15.83
15.62,15.62,28.39,24.81,17.74
15.99,15.99,29.52,23.86,15.02
15.23,15.23,27.26,22.56,16.27
15.31,15.31,28.12,21.85,13.24
14.90,14.90,31.14,23.37,12.98
14.88,14.88,30.55,24.05,14.75
15.12,15.12,30.29,21.64,14.81
14.46,14.46,27.97,22.07,12.77
14.06,14.06,27.43,22.58,14.90
14.47,14.47,26.27,20.31,13.07
14.93,14.93,28.19,23.50,13.62
13.56,13.56,27.36,22.17,12.54
15.03,15.03,25.39,18.21,12.59
14.07,14.07,25.63,20.01,13.10
12.28,12.28,27.01,21.47,12.00
12.94,12.94,25.86,21.10,12.86
13.67,13.67,26.84,21.93,12.98
12.11,12.11,28.19,21.97,12.73
13.19,13.19,27.74,19.73,11.37
12.83,12.83,25.58,17.21,11.48
12.40,12.40,28.78,23.89,10.54
13.16,13.16,28.86,23.37,11.20
12.76,12.76,23.14,17.01,11.35
13.53,13.53,29.37,23.28,10.80
12.16,12.16,27.61,19.12,9.74
12.37,12.37,27.94,22.49,10.42
12.86,12.86,28.26,20.06,10.02
12.24,12.24,26.41,18.14,9.17
11.97,11.97,26.26,18.72,9.90
11.13,11.13,26.29,19.90,8.80
11.85,11.85,22.91,17.89,10.79
12.40,12.40,25.01,21.33,10.79
11.92,11.92,25.85,20.74,9.99
11.58,11.58,27.32,20.88,10.49
12.06,12.06,23.21,19.30,9.30
11.44,11.44,24.03,19.91,9.85
12.21,12.21,25.11,17.98,8.93
12.13,12.13,22.13,17.17,8.82
10.69,10.69,22.88,15.86,7.67
10.70,10.70,22.55,17.28,7.45
11.56,11.56,25.30,18.25,7.97
12.99,12.99,28.04,21.48,8.18
10.66,10.66,24.15,17.42,7.86
9.69,9.69,23.22,17.73,6.90
10.16,10.16,26.31,21.03,9.33
11.42,11.42,22.08,16.44,10.02
11.58,11.58,24.74,20.17,11.64
11.67,11.67,23.09,19.45,9.53
11.11,11.11,22.83,17.75,6.93
10.43,10.43,21.39,13.92,7.34
10.96,10.96,21.49,16.34,8.93
10.58,10.58,22.55,17.98,9.22
9.85,9.85,24.05,18.43,7.75
10.40,10.40,22.19,16.93,7.85
10.30,10.30,22.26,17.39,5.47
10.91,10.91,21.96,16.17,6.11
10.56,10.56,20.43,14.36,5.05
10.24,10.24,21.24,14.02,5.54
10.65,10.65,19.22,14.42,5.67
9.11,9.11,19.21,12.77,5.68
9.61,9.61,21.91,14.78,5.37
10.07,10.07,22.05,15.95,4.58
10.02,10.02,23.45,17.31,8.28
9.38,9.38,22.06,16.97,7.04
9.98,9.98,22.59,16.37,5.90
10.98,10.98,23.01,16.76,8.55
9.55,9.55,25.77,19.62,6.27
9.20,9.20,20.54,14.66,5.66
10.23,10.23,22.33,16.16,6.65
10.12,10.12,23.44,17.47,5.19
9.47,9.47,23.42,17.77,6.38
10.30,10.30,23.04,17.66,3.49
9.39,9.39,21.92,17.56,4.83
9.92,9.92,21.13,14.30,4.56
9.97,9.97,22.11,15.92,4.27
9.50,9.50,18.51,13.33,5.54
9.67,9.67,17.83,14.62,5.83
9.54,9.54,19.22,18.10,6.79
9.56,9.56,21.47,16.98,4.92
8.43,8.43,17.98,11.64,4.40
8.89,8.89,17.99,12.67,7.00
8.41,8.41,15.77,9.70,3.41
8.96,8.96,20.22,13.63,5.28
9.37,9.37,19.74,15.21,3.88
8.47,8.47,21.13,16.34,3.36
8.40,8.40,18.47,14.15,2.94
8.77,8.77,17.83,13.20,2.92
9.32,9.32,17.08,10.72,4.35
8.45,8.45,19.31,15.40,4.25
8.54,8.54,18.47,12.97,3.12
8.22,8.22,17.95,13.09,3.18
7.33,7.33,15.84,10.67,3.38
7.71,7.71,19.83,17.01,4.15
8.40,8.40,15.79,9.87,3.00
8.04,8.04,16.49,13.79,3.64
8.08,8.08,17.40,13.28,3.63
7.51,7.51,14.31,10.70,2.04
7.75,7.75,15.55,11.03,2.32
7.45,7.45,16.87,12.10,3.19
7.98,7.98,17.09,11.61,1.92
7.75,7.75,15.29,11.75,2.89
7.08,7.08,14.99,8.04,1.85
7.25,7.25,14.25,8.98,1.89
6.91,6.91,13.85,9.99,2.20
7.23,7.23,16.99,12.61,2.75
6.86,6.86,14.85,12.32,2.07
6.87,6.87,14.78,12.46,1.65
7.54,7.54,14.04,9.34,2.03
6.98,6.98,11.42,7.62,1.23
6.98,6.98,12.72,7.99,1.69
6.04,6.04,13.12,10.11,2.17
5.41,5.41,12.42,9.48,1.24
5.88,5.88,13.79,10.50,1.22
5.81,5.81,12.71,10.23,1.27
5.78,5.78,13.25,7.80,1.18
5.79,5.79,10.78,7.18,1.20
5.12,5.12,10.54,8.74,0.86
5.00,5.00,12.03,9.35,1.41
4.70,4.70,11.68,7.89,1.16
4.11,4.11,10.15,5.34,0.45
5.06,5.06,10.56,5.68,0.73
4.53,4.53,10.35,7.54,0.52
4.47,4.47,10.25,7.56,0.65
3.46,3.46,10.03,7.36,0.80
3.28,3.28,8.65,5.39,0.57
4.31,4.31,9.77,4.37,0.69
3.59,3.59,11.36,9.32,0.64
4.20,4.20,9.99,7.16,0.72
4.58,4.58,8.56,6.47,0.90
4.40,4.40,10.35,6.21,0.48
3.50,3.50,10.14,7.97,0.34
2.45,2.45,8.00,4.95,0.20
1.59,1.59,6.64,2.83,0.10
0.46,0.46,5.05,3.01,0.04
0.14,0.14,2.18,1.71,-0.00
0.48,0.48,2.89,2.45,0.01
0.49,0.49,3.53,2.11,0.01
2.80,2.80,7.04,4.26,0.34
2.47,2.47,7.20,5.84,0.24
2.16,2.16,6.31,5.11,0.20
1.74,1.74,6.09,5.10,0.19
0.66,0.66,3.13,0.89,0.01
0.44,0.44,3.62,1.71,0.01
0.07,0.07,0.67,0.03,-0.00
-0.00,-0.00,-0.00,-0.00,-0.00
-0.00,-0.00,-0.00,-0.00,-0.00
-0.00,-0.00,-0.00,-0.00,-0.00
-0.00,-0.00,-0.00,-0.00,-0.00
-0.00,-0.00,-0.00,-0.00,-0.00
-0.00,-0.00,-0.00,-0.00,-0.00
-0.00,-0.00,-0.00,-0.00,-0.00
-0.00,-0.00,-0.00,-0.00,-0.00
-0.00,-0.00,-0.00,-0.00,-0.00
-0.00,-0.00,-0.00,-0.00,-0.00
-0.00,-0.00,-0.00,-0.00,-0.00
-0.00,-0.00,-0.00,-0.00,-0.00
-0.00,-0.00,-0.00,-0.00,-0.00
-0.00,-0.00,-0.00,-0.00,-0.00
-0.00,-0.00,-0.00,-0.00,-0.00
-0.00,-0.00,-0.00,-0.00,-0.00
-0.00,-0.00,-0.00,-0.00,-0.00
-0.00,-0.00,-0.00,-0.00,-0.00
-0.00,-0.00,-0.00,-0.00,-0.00
-0.00,-0.00,-0.00,-0.00,-0.00
-0.00,-0.00,-0.00,-0.00,-0.00
-0.00,-0.00,-0.00,-0.00,-0.00
-0.00,-0.00,-0.00,-0.00,-0.00
-0.00,-0.00,-0.00,-0.00,-0.00
-0.00,-0.00,-0.00,-0.00,-0.00
-0.00,-0.00,-0.00,-0.00,-0.00
-0.00,-0.00,-0.00,-0.00,-0.00
-0.00,-0.00,-0.00,-0.00,-0.00
-0.00,-0.00,-0.00,-0.00,-0.00
-0.00,-0.00,-0.00,-0.00,-0.00
-0.00,-0.00,-0.00,-0.00,-0.00
-0.00,-0.00,-0.00,-0.00,-0.00
-0.00,-0.00,-0.00,-0.00,-0.00
-0.00,-0.00,-0.00,-0.00,-0.00
-0.00,-0.00,-0.00,-0.00,-0.00
-0.00,-0.00,-0.00,-0.00,-0.00
-0.00,-0.00,-0.00,-0.00,-0.00
-0.00,-0.00,-0.00,-0.00,-0.00
-0.00,-0.00,-0.00,-0.00,-0.00
-0.00,-0.00,-0.00,-0.00,-0.00
-0.00,-0.00,-0.00,-0.00,-0.00
-0.00,-0.00,-0.00,-0.00,-0.00
-0.00,-0.00,-0.00,-0.00,-0.00
-0.00,-0.00,-0.00,-0.00,-0.00
-0.00,-0.00,-0.00,-0.00,-0.00
-0.00,-0.00,-0.00,-0.00,-0.00
-0.00,-0.00,-0.00,-0.00,-0.00
-0.00,-0.00,-0.00,-0.00,-0.00
-0.00,-0.00,-0.00,-0.00,-0.00
-0.00,-0.00,-0.00,-0.00,-0.00
-0.00,-0.00,-0.00,-0.00,-0.00
-0.00,-0.00,-0.00,-0.00,-0.00
-0.00,-0.00,-0.00,-0.00,-0.00
-0.00,-0.00,-0.00,-0.00,-0.00
-0.00,-0.00,-0.00,-0.00,-0.00
-0.00,-0.00,-0.00,-0.00,-0.00
-0.00,-0.00,-0.00,-0.00,-0.00
-0.00,-0.00,-0.00,-0.00,-0.00
-0.00,-0.00,-0.00,-0.00,-0.00
-0.00,-0.00,-0.00,-0.00,-0.00
-0.00,-0.00,-0.00,-0.00,-0.00
